CustomerID,Recency,Frequency,Monetary,R_Score,F_Score,M_Score,RFM_Score,RFM_Total,Segment,Cluster
12346,326,1,77183.6,1,1,5,115,7,About To Sleep,3
12347,3,7,4310.0,5,5,5,555,15,Champions,0
12348,76,4,1797.24,2,4,4,244,10,At Risk,3
12349,19,1,1757.55,4,1,4,414,9,New Customers,3
12350,311,1,334.4,1,1,2,112,4,Lost Customers,1
12352,37,8,2506.04,3,5,5,355,13,Loyal Customers,3
12353,205,1,89.0,1,1,1,111,3,Lost Customers,1
12354,233,1,1079.4,1,1,4,114,6,About To Sleep,1
12355,215,1,459.4,1,1,2,112,4,Lost Customers,1
12356,23,3,2811.43,4,3,5,435,12,Loyal Customers,3
12357,34,1,6207.67,3,1,5,315,9,Potential Loyalists,3
12358,2,2,1168.06,5,2,4,524,11,New Customers,2
12359,58,4,6310.03,3,4,5,345,12,Loyal Customers,3
12360,53,3,2662.06,3,3,5,335,11,Loyal Customers,3
12361,288,1,189.9,1,1,1,111,3,Lost Customers,1
12362,4,10,5226.23,5,5,5,555,15,Champions,0
12363,110,2,552.0,2,2,3,223,7,Hibernating,1
12364,8,4,1313.1,5,4,4,544,13,Champions,3
12365,292,2,641.38,1,2,3,123,6,About To Sleep,1
12367,5,1,168.9,5,1,1,511,7,New Customers,2
12370,52,4,3541.94,3,4,5,345,12,Loyal Customers,3
12371,45,2,1887.96,3,2,4,324,9,Potential Loyalists,3
12372,72,3,1298.04,3,3,4,334,10,Loyal Customers,3
12373,312,1,364.6,1,1,2,112,4,Lost Customers,1
12374,26,1,742.9300000000001,4,1,3,413,8,New Customers,2
12375,11,2,457.5,5,2,2,522,9,New Customers,2
12377,316,2,1628.12,1,2,4,124,7,About To Sleep,1
12378,130,1,4008.62,2,1,5,215,8,About To Sleep,3
12379,82,2,852.24,2,2,3,223,7,Hibernating,3
12380,22,4,2724.81,4,4,5,445,13,Champions,3
12381,5,5,1845.31,5,4,4,544,13,Champions,0
12383,185,5,1850.56,1,4,4,144,9,Cannot Lose Them,3
12384,29,2,585.27,4,2,3,423,9,New Customers,2
12386,338,2,401.9,1,2,2,122,5,Lost Customers,1
12388,16,6,2780.66,4,4,5,445,13,Champions,0
12390,80,1,549.84,2,1,3,213,6,About To Sleep,1
12391,22,1,439.66,4,1,2,412,7,New Customers,2
12393,73,4,1582.6000000000001,2,4,4,244,10,At Risk,3
12394,64,2,1272.48,3,2,4,324,9,Potential Loyalists,3
12395,20,12,3018.63,4,5,5,455,14,Champions,0
12397,36,2,2409.9,3,2,5,325,10,Potential Loyalists,3
12398,46,1,1635.6599999999999,3,1,4,314,8,Potential Loyalists,3
12399,120,4,1108.65,2,4,4,244,10,At Risk,3
12401,304,1,84.3,1,1,1,111,3,Lost Customers,1
12402,324,1,225.6,1,1,1,111,3,Lost Customers,1
12403,50,1,427.7,3,1,2,312,6,Potential Loyalists,2
12405,149,1,1710.39,2,1,4,214,7,About To Sleep,1
12406,23,2,3415.3,4,2,5,425,11,New Customers,3
12407,50,5,1708.1200000000001,3,4,4,344,11,Loyal Customers,3
12408,33,5,2888.55,4,4,5,445,13,Champions,3
12409,79,3,11072.67,2,3,5,235,10,At Risk,3
12410,309,2,693.3299999999999,1,2,3,123,6,About To Sleep,1
12412,75,3,1226.88,2,3,4,234,9,At Risk,3
12413,67,3,758.1,3,3,3,333,9,Loyal Customers,3
12414,218,3,562.41,1,3,3,133,7,About To Sleep,1
12415,25,21,124914.53,4,5,5,455,14,Champions,0
12417,4,9,3649.1,5,5,5,555,15,Champions,0
12418,113,1,668.58,2,1,3,213,6,About To Sleep,1
12420,64,1,600.39,3,1,3,313,7,Potential Loyalists,2
12421,16,4,807.04,4,4,3,443,11,Loyal Customers,3
12422,96,3,803.5600000000001,2,3,3,233,8,At Risk,3
12423,1,8,1859.31,5,5,4,554,14,Champions,0
12424,163,2,1760.96,2,2,4,224,8,Hibernating,3
12425,79,1,777.2,2,1,3,213,6,About To Sleep,1
12426,195,1,582.73,1,1,3,113,5,About To Sleep,1
12427,22,3,825.8,4,3,3,433,10,Loyal Customers,3
12428,26,9,7956.46,4,5,5,455,14,Champions,0
12429,10,4,3750.4,5,4,5,545,14,Champions,0
12430,44,1,256.4,3,1,2,312,6,Potential Loyalists,2
12431,36,15,6419.95,3,5,5,355,13,Loyal Customers,0
12432,43,5,5059.32,3,4,5,345,12,Loyal Customers,3
12433,1,7,13375.87,5,5,5,555,15,Champions,0
12434,85,2,806.14,2,2,3,223,7,Hibernating,3
12435,80,2,7829.89,2,2,5,225,9,Hibernating,3
12436,100,1,509.01,2,1,3,213,6,About To Sleep,1
12437,2,18,4951.41,5,5,5,555,15,Champions,0
12438,15,2,2906.85,4,2,5,425,11,New Customers,3
12441,367,1,173.55,1,1,1,111,3,Lost Customers,1
12442,4,1,172.06,5,1,1,511,7,New Customers,2
12444,22,5,5005.46,4,4,5,445,13,Champions,0
12445,23,1,133.4,4,1,1,411,6,New Customers,2
12446,58,1,1002.3100000000001,3,1,4,314,8,Potential Loyalists,2
12447,244,1,476.49,1,1,2,112,4,Lost Customers,1
12448,45,1,449.45,3,1,2,312,6,Potential Loyalists,2
12449,23,4,4067.29,4,4,5,445,13,Champions,3
12450,157,2,197.88,2,2,1,221,5,Lost Customers,1
12451,11,5,9035.52,5,4,5,545,14,Champions,0
12452,17,2,430.57,4,2,2,422,8,New Customers,2
12453,135,1,707.09,2,1,3,213,6,About To Sleep,1
12454,57,1,3528.34,3,1,5,315,9,Potential Loyalists,3
12455,74,6,2466.86,2,4,5,245,11,At Risk,3
12456,45,3,3181.04,3,3,5,335,11,Loyal Customers,3
12457,67,7,2363.23,3,5,5,355,13,Loyal Customers,3
12458,72,2,947.4,3,2,4,324,9,Potential Loyalists,3
12461,95,2,826.88,2,2,3,223,7,Hibernating,3
12462,19,2,1189.59,4,2,4,424,10,New Customers,3
12463,54,4,1344.78,3,4,4,344,11,Loyal Customers,3
12464,11,8,1212.05,5,5,4,554,14,Champions,0
12465,18,2,742.1899999999999,4,2,3,423,9,New Customers,2
12468,188,2,729.5400000000001,1,2,3,123,6,About To Sleep,1
12471,3,30,19788.65,5,5,5,555,15,Champions,0
12472,33,7,6572.11,4,5,5,455,14,Champions,0
12473,30,5,3928.0499999999997,4,4,5,445,13,Champions,3
12474,18,18,7324.09,4,5,5,455,14,Champions,0
12475,54,1,723.38,3,1,3,313,7,Potential Loyalists,2
12476,16,11,6816.42,4,5,5,455,14,Champions,0
12477,23,6,13219.74,4,4,5,445,13,Champions,0
12478,4,1,680.99,5,1,3,513,9,New Customers,2
12479,12,1,527.2,5,1,3,513,9,New Customers,2
12480,29,4,3281.63,4,4,5,445,13,Champions,3
12481,23,10,5579.82,4,5,5,455,14,Champions,0
12483,18,8,2484.98,4,5,5,455,14,Champions,0
12484,33,6,4527.32,4,4,5,445,13,Champions,3
12488,10,3,1298.66,5,3,4,534,12,Loyal Customers,3
12489,337,1,334.93,1,1,2,112,4,Lost Customers,1
12490,6,10,5417.93,5,5,5,555,15,Champions,0
12491,39,1,460.40000000000003,3,1,2,312,6,Potential Loyalists,2
12492,64,2,263.21000000000004,3,2,2,322,7,Potential Loyalists,2
12493,166,2,433.74,2,2,2,222,6,Lost Customers,1
12494,16,7,1246.1000000000001,4,5,4,454,13,Champions,3
12497,82,1,1043.1,2,1,4,214,7,About To Sleep,1
12498,22,3,403.70000000000005,4,3,2,432,9,Loyal Customers,2
12500,24,11,4257.82,4,5,5,455,14,Champions,0
12501,337,1,2169.39,1,1,5,115,7,About To Sleep,1
12502,96,5,3723.87,2,4,5,245,11,At Risk,3
12504,19,2,482.04999999999995,4,2,2,422,8,New Customers,2
12506,233,1,73.5,1,1,1,111,3,Lost Customers,1
12507,135,3,1304.81,2,3,4,234,9,At Risk,3
12508,27,2,397.88,4,2,2,422,8,New Customers,2
12509,285,1,176.5,1,1,1,111,3,Lost Customers,1
12510,143,2,982.5699999999999,2,2,4,224,8,Hibernating,1
12512,67,2,132.18,3,2,1,321,6,Potential Loyalists,2
12513,113,1,612.29,2,1,3,213,6,About To Sleep,1
12514,268,1,1017.68,1,1,4,114,6,About To Sleep,1
12515,354,1,383.7,1,1,2,112,4,Lost Customers,1
12516,78,2,1312.06,2,2,4,224,8,Hibernating,3
12517,29,5,2481.6,4,4,5,445,13,Champions,3
12518,1,5,2056.89,5,4,5,545,14,Champions,0
12519,64,1,330.84,3,1,2,312,6,Potential Loyalists,2
12520,80,5,2634.26,2,4,5,245,11,At Risk,3
12521,143,1,599.68,2,1,3,213,6,About To Sleep,1
12522,40,2,192.72,3,2,1,321,6,Potential Loyalists,2
12523,20,11,1789.77,4,5,4,454,13,Champions,0
12524,10,8,4485.72,5,5,5,555,15,Champions,0
12526,1,3,1316.66,5,3,4,534,12,Loyal Customers,0
12527,82,3,348.71000000000004,2,3,2,232,7,At Risk,1
12528,10,6,1933.48,5,5,4,554,14,Champions,0
12530,60,4,1662.28,3,4,4,344,11,Loyal Customers,3
12531,15,1,125.22,4,1,1,411,6,New Customers,2
12532,31,1,349.83000000000004,4,1,2,412,7,New Customers,2
12534,131,1,1089.18,2,1,4,214,7,About To Sleep,1
12535,92,2,716.35,2,2,3,223,7,Hibernating,1
12536,44,3,12601.830000000002,3,3,5,335,11,Loyal Customers,3
12538,30,1,363.95,4,1,2,412,7,New Customers,2
12539,23,4,5568.35,4,4,5,445,13,Champions,3
12540,20,17,13400.24,4,5,5,455,14,Champions,0
12541,30,3,981.18,4,3,4,434,11,Loyal Customers,3
12544,37,1,372.7,3,1,2,312,6,Potential Loyalists,2
12545,76,2,1000.39,2,2,4,224,8,Hibernating,3
12546,47,2,1161.5,3,2,4,324,9,Potential Loyalists,3
12547,198,2,207.79999999999998,1,2,1,121,4,Lost Customers,1
12548,167,1,95.19999999999999,2,1,1,211,4,Lost Customers,1
12550,80,1,964.83,2,1,4,214,7,About To Sleep,1
12551,358,1,168.0,1,1,1,111,3,Lost Customers,1
12552,39,2,437.82,3,2,2,322,7,Potential Loyalists,2
12553,9,10,3692.28,5,5,5,555,15,Champions,0
12556,51,2,599.56,3,2,3,323,8,Potential Loyalists,2
12557,17,5,11990.960000000001,4,4,5,445,13,Champions,0
12558,8,1,269.96,5,1,2,512,8,New Customers,2
12559,311,2,561.71,1,2,3,123,6,About To Sleep,1
12560,6,3,2134.01,5,3,5,535,13,Loyal Customers,3
12561,303,1,238.85,1,1,1,111,3,Lost Customers,1
12562,9,7,3781.7400000000002,5,5,5,555,15,Champions,0
12564,262,1,456.9,1,1,2,112,4,Lost Customers,1
12565,289,1,145.92,1,1,1,111,3,Lost Customers,1
12566,87,1,351.65,2,1,2,212,5,Lost Customers,1
12567,23,10,9401.28,4,5,5,455,14,Champions,0
12569,3,32,4124.69,5,5,5,555,15,Champions,0
12571,40,2,519.61,3,2,3,323,8,Potential Loyalists,2
12572,9,2,1020.42,5,2,4,524,11,New Customers,3
12573,228,1,160.54000000000002,1,1,1,111,3,Lost Customers,1
12574,316,1,218.45,1,1,1,111,3,Lost Customers,1
12576,36,5,1315.83,3,4,4,344,11,Loyal Customers,3
12577,36,3,626.6,3,3,3,333,9,Loyal Customers,3
12578,22,2,2794.51,4,2,5,425,11,New Customers,3
12579,79,1,440.42,2,1,2,212,5,Lost Customers,1
12580,247,1,415.7,1,1,2,112,4,Lost Customers,1
12581,40,1,197.71,3,1,1,311,5,Potential Loyalists,2
12582,239,2,511.36,1,2,3,123,6,About To Sleep,1
12583,3,15,7281.38,5,5,5,555,15,Champions,0
12584,4,9,2338.15,5,5,5,555,15,Champions,0
12585,235,2,2040.1,1,2,4,124,7,About To Sleep,3
12586,18,1,196.94000000000003,4,1,1,411,6,New Customers,2
12587,8,1,144.0,5,1,1,511,7,New Customers,2
12588,40,1,214.89999999999998,3,1,1,311,5,Potential Loyalists,2
12589,29,2,646.68,4,2,3,423,9,New Customers,2
12590,212,2,9864.26,1,2,5,125,8,About To Sleep,3
12591,318,1,452.84999999999997,1,1,2,112,4,Lost Customers,1
12592,93,2,437.6,2,2,2,222,6,Lost Customers,1
12593,109,3,418.09999999999997,2,3,2,232,7,At Risk,1
12594,38,10,3338.2200000000003,3,5,5,355,13,Loyal Customers,0
12596,52,2,618.27,3,2,3,323,8,Potential Loyalists,2
12597,20,4,3811.22,4,4,5,445,13,Champions,3
12598,10,8,3023.08,5,5,5,555,15,Champions,0
12599,30,7,1032.58,4,5,4,454,13,Champions,3
12600,29,10,2599.04,4,5,5,455,14,Champions,0
12601,190,5,577.0600000000001,1,4,3,143,8,Cannot Lose Them,3
12602,59,1,153.12,3,1,1,311,5,Potential Loyalists,2
12603,22,1,739.1999999999999,4,1,3,413,8,New Customers,2
12604,80,2,254.18,2,2,2,222,6,Lost Customers,1
12607,61,1,1579.51,3,1,4,314,8,Potential Loyalists,3
12609,79,3,1126.85,2,3,4,234,9,At Risk,3
12610,23,5,2099.54,4,4,5,445,13,Champions,3
12611,53,1,1193.32,3,1,4,314,8,Potential Loyalists,3
12612,75,1,704.0400000000001,2,1,3,213,6,About To Sleep,1
12613,58,5,3344.38,3,4,5,345,12,Loyal Customers,3
12614,278,1,315.6,1,1,2,112,4,Lost Customers,1
12615,3,4,2291.19,5,4,5,545,14,Champions,0
12616,96,2,713.3,2,2,3,223,7,Hibernating,1
12617,30,1,352.98,4,1,2,412,7,New Customers,2
12618,22,1,177.31,4,1,1,411,6,New Customers,2
12619,17,9,3641.24,4,5,5,455,14,Champions,0
12620,15,3,1339.41,4,3,4,434,11,Loyal Customers,3
12621,2,20,13689.67,5,5,5,555,15,Champions,0
12622,233,1,180.1,1,1,1,111,3,Lost Customers,1
12623,277,1,305.1,1,1,2,112,4,Lost Customers,1
12624,107,2,641.13,2,2,3,223,7,Hibernating,1
12625,212,2,2683.82,1,2,5,125,8,About To Sleep,3
12626,24,9,6620.48,4,5,5,455,14,Champions,0
12627,11,7,4478.53,5,5,5,555,15,Champions,0
12628,5,3,786.46,5,3,3,533,11,Loyal Customers,3
12630,10,2,1270.88,5,2,4,524,11,New Customers,3
12631,58,1,640.5,3,1,3,313,7,Potential Loyalists,2
12633,59,4,2163.98,3,4,5,345,12,Loyal Customers,3
12635,90,2,1689.18,2,2,4,224,8,Hibernating,3
12637,68,8,6002.9,3,5,5,355,13,Loyal Customers,0
12638,34,1,671.69,3,1,3,313,7,Potential Loyalists,2
12639,239,1,486.1,1,1,2,112,4,Lost Customers,1
12640,24,3,1174.58,4,3,4,434,11,Loyal Customers,3
12641,116,1,185.9,2,1,1,211,4,Lost Customers,1
12642,26,3,1013.26,4,3,4,434,11,Loyal Customers,3
12643,129,6,3344.64,2,5,5,255,12,At Risk,3
12644,130,1,477.91,2,1,2,212,5,Lost Customers,1
12645,34,4,1775.18,3,4,4,344,11,Loyal Customers,3
12646,5,2,1346.97,5,2,4,524,11,New Customers,3
12647,23,12,3722.82,4,5,5,455,14,Champions,0
12648,155,1,318.05,2,1,2,212,5,Lost Customers,1
12649,108,3,623.51,2,3,3,233,8,At Risk,3
12650,4,1,314.44,5,1,2,512,8,New Customers,2
12651,335,1,114.0,1,1,1,111,3,Lost Customers,1
12652,332,1,919.98,1,1,3,113,5,About To Sleep,1
12653,149,2,2209.85,2,2,5,225,9,Hibernating,3
12654,11,5,601.98,5,4,3,543,12,Loyal Customers,3
12656,18,5,4051.17,4,4,5,445,13,Champions,0
12657,12,4,1643.18,5,4,4,544,13,Champions,3
12658,19,1,686.05,4,1,3,413,8,New Customers,2
12659,30,1,91.68,4,1,1,411,6,New Customers,2
12660,12,1,245.1,5,1,1,511,7,New Customers,2
12662,1,11,3849.78,5,5,5,555,15,Champions,0
12664,9,9,4881.88,5,5,5,555,15,Champions,0
12665,325,1,63.0,1,1,1,111,3,Lost Customers,1
12667,59,1,620.13,3,1,3,313,7,Potential Loyalists,2
12668,12,4,3807.15,5,4,5,545,14,Champions,3
12669,151,3,2744.0299999999997,2,3,5,235,10,At Risk,3
12670,11,5,2996.05,5,4,5,545,14,Champions,0
12672,330,1,225.89999999999998,1,1,1,111,3,Lost Customers,1
12673,6,2,610.52,5,2,3,523,10,New Customers,2
12674,39,4,1970.6,3,4,4,344,11,Loyal Customers,3
12676,25,6,1331.39,4,5,4,454,13,Champions,3
12678,43,12,17628.46,3,5,5,355,13,Loyal Customers,0
12679,59,4,1113.02,3,4,4,344,11,Loyal Customers,3
12680,1,4,862.81,5,4,3,543,12,Loyal Customers,0
12681,15,22,13787.54,4,5,5,455,14,Champions,0
12682,4,31,12279.82,5,5,5,555,15,Champions,0
12683,5,15,8476.57,5,5,5,555,15,Champions,0
12684,8,7,2283.63,5,5,5,555,15,Champions,0
12685,29,6,2863.08,4,5,5,455,14,Champions,3
12686,372,1,89.14,1,1,1,111,3,Lost Customers,1
12688,114,1,4873.8099999999995,2,1,5,215,8,About To Sleep,3
12689,26,2,1247.61,4,2,4,424,10,New Customers,3
12690,206,1,389.01,1,1,2,112,4,Lost Customers,1
12691,29,6,1035.8,4,5,4,454,13,Champions,3
12693,128,4,855.91,2,4,3,243,9,At Risk,3
12694,71,2,869.67,3,2,3,323,8,Potential Loyalists,3
12695,8,4,582.1,5,4,3,543,12,Loyal Customers,3
12697,29,3,957.59,4,3,4,434,11,Loyal Customers,3
12700,8,4,4939.99,5,4,5,545,14,Champions,0
12701,80,2,797.71,2,2,3,223,7,Hibernating,3
12702,20,1,219.0,4,1,1,411,6,New Customers,2
12703,72,1,283.55,3,1,2,312,6,Potential Loyalists,2
12704,8,8,2340.84,5,5,5,555,15,Champions,0
12705,16,9,6868.29,4,5,5,455,14,Champions,0
12707,292,1,603.42,1,1,3,113,5,About To Sleep,1
12708,30,10,2712.91,4,5,5,455,14,Champions,0
12709,16,15,9706.52,4,5,5,455,14,Champions,0
12710,97,3,1149.02,2,3,4,234,9,At Risk,3
12712,29,13,4396.13,4,5,5,455,14,Champions,0
12713,1,1,848.55,5,1,3,513,9,New Customers,2
12714,10,5,4708.86,5,4,5,545,14,Champions,0
12715,107,1,343.36,2,1,2,212,5,Lost Customers,1
12716,4,2,1053.49,5,2,4,524,11,New Customers,2
12717,152,2,1030.98,2,2,4,224,8,Hibernating,1
12718,72,1,238.25,3,1,1,311,5,Potential Loyalists,2
12719,6,2,644.95,5,2,3,523,10,New Customers,2
12720,3,25,5781.73,5,5,5,555,15,Champions,0
12721,32,6,2656.13,4,5,5,455,14,Champions,3
12722,86,4,997.63,2,4,4,244,10,At Risk,3
12723,4,5,725.07,5,4,3,543,12,Loyal Customers,3
12724,6,4,1031.41,5,4,4,544,13,Champions,3
12725,372,1,427.8,1,1,2,112,4,Lost Customers,1
12726,29,7,2609.1,4,5,5,455,14,Champions,3
12727,11,7,3980.7,5,5,5,555,15,Champions,0
12728,72,4,836.33,3,4,3,343,10,Loyal Customers,3
12729,114,1,453.01,2,1,2,212,5,Lost Customers,1
12731,24,12,18895.91,4,5,5,455,14,Champions,0
12732,180,1,236.26000000000002,2,1,1,211,4,Lost Customers,1
12733,235,1,383.95,1,1,2,112,4,Lost Customers,1
12734,353,1,110.39999999999999,1,1,1,111,3,Lost Customers,1
12735,316,2,779.5699999999999,1,2,3,123,6,About To Sleep,1
12736,333,1,234.0,1,1,1,111,3,Lost Customers,1
12738,373,1,155.35,1,1,1,111,3,Lost Customers,1
12739,79,2,1013.04,2,2,4,224,8,Hibernating,3
12740,64,1,427.6,3,1,2,312,6,Potential Loyalists,2
12743,135,2,540.13,2,2,3,223,7,Hibernating,1
12744,52,7,21279.29,3,5,5,355,13,Loyal Customers,0
12747,3,11,4196.01,5,5,5,555,15,Champions,0
12748,1,209,33053.19,5,5,5,555,15,Champions,0
12749,4,5,4090.88,5,4,5,545,14,Champions,0
12750,129,1,275.88,2,1,2,212,5,Lost Customers,1
12752,82,1,4366.78,2,1,5,215,8,About To Sleep,3
12753,23,6,21429.39,4,5,5,455,14,Champions,0
12754,236,3,3010.74,1,3,5,135,9,About To Sleep,3
12755,281,2,3811.95,1,2,5,125,8,About To Sleep,3
12756,87,1,112.07999999999998,2,1,1,211,4,Lost Customers,1
12757,16,13,7834.650000000001,4,5,5,455,14,Champions,0
12758,117,2,2791.59,2,2,5,225,9,Hibernating,3
12759,53,3,1531.44,3,3,4,334,10,Loyal Customers,3
12762,8,2,1898.52,5,2,4,524,11,New Customers,3
12763,139,2,494.08,2,2,3,223,7,Hibernating,1
12764,317,1,1693.88,1,1,4,114,6,About To Sleep,1
12766,4,7,6989.63,5,5,5,555,15,Champions,0
12769,239,1,1143.6,1,1,4,114,6,About To Sleep,1
12770,211,1,1351.45,1,1,4,114,6,About To Sleep,1
12772,60,1,892.47,3,1,3,313,7,Potential Loyalists,2
12775,18,5,1386.04,4,4,4,444,12,Champions,3
12778,20,6,822.23,4,5,3,453,12,Loyal Customers,3
12779,38,8,3981.36,3,5,5,355,13,Loyal Customers,0
12781,64,2,826.74,3,2,3,323,8,Potential Loyalists,3
12782,5,5,2330.92,5,4,5,545,14,Champions,0
12783,3,6,2225.91,5,5,5,555,15,Champions,0
12784,10,2,532.8199999999999,5,2,3,523,10,New Customers,2
12785,365,1,311.95,1,1,2,112,4,Lost Customers,1
12787,10,3,463.66,5,3,2,532,10,Loyal Customers,2
12789,66,1,91.85,3,1,1,311,5,Potential Loyalists,2
12790,193,1,324.92,1,1,2,112,4,Lost Customers,1
12791,374,1,192.60000000000002,1,1,1,111,3,Lost Customers,1
12792,257,1,400.53999999999996,1,1,2,112,4,Lost Customers,1
12793,335,2,545.48,1,2,3,123,6,About To Sleep,1
12794,54,2,860.41,3,2,3,323,8,Potential Loyalists,3
12795,19,1,430.48,4,1,2,412,7,New Customers,2
12797,366,1,254.03,1,1,2,112,4,Lost Customers,1
12798,11,3,6977.04,5,3,5,535,13,Loyal Customers,0
12802,187,1,427.58,1,1,2,112,4,Lost Customers,1
12808,37,3,483.65000000000003,3,3,2,332,8,Loyal Customers,3
12809,178,1,489.31,2,1,3,213,6,About To Sleep,1
12811,261,3,514.85,1,3,3,133,7,About To Sleep,1
12812,45,1,229.64000000000001,3,1,1,311,5,Potential Loyalists,2
12814,102,1,125.92,2,1,1,211,4,Lost Customers,1
12815,148,2,1063.46,2,2,4,224,8,Hibernating,1
12816,96,2,572.2,2,2,3,223,7,Hibernating,1
12817,282,1,166.04,1,1,1,111,3,Lost Customers,1
12818,262,1,1542.08,1,1,4,114,6,About To Sleep,1
12820,4,4,942.34,5,4,4,544,13,Champions,3
12821,215,1,92.72,1,1,1,111,3,Lost Customers,1
12822,71,2,948.88,3,2,4,324,9,Potential Loyalists,3
12823,75,5,1759.5,2,4,4,244,10,At Risk,3
12824,60,1,397.12,3,1,2,312,6,Potential Loyalists,2
12826,3,7,1474.72,5,5,4,554,14,Champions,0
12827,6,3,430.15000000000003,5,3,2,532,10,Loyal Customers,2
12828,3,6,1018.71,5,5,4,554,14,Champions,0
12829,337,2,293.0,1,2,2,122,5,Lost Customers,1
12830,38,6,6814.64,3,5,5,355,13,Loyal Customers,0
12831,263,1,215.05,1,1,1,111,3,Lost Customers,1
12832,33,2,383.03,4,2,2,422,8,New Customers,2
12833,146,1,417.38,2,1,2,212,5,Lost Customers,1
12834,283,1,312.38,1,1,2,112,4,Lost Customers,1
12836,60,4,2610.36,3,4,5,345,12,Loyal Customers,3
12837,174,1,134.1,2,1,1,211,4,Lost Customers,1
12838,34,2,671.95,3,2,3,323,8,Potential Loyalists,2
12839,3,14,5591.42,5,5,5,555,15,Champions,0
12840,144,4,2726.77,2,4,5,245,11,At Risk,3
12841,5,25,3991.58,5,5,5,555,15,Champions,0
12842,71,2,1118.99,3,2,4,324,9,Potential Loyalists,3
12843,66,8,1702.26,3,5,4,354,12,Loyal Customers,3
12844,30,2,325.96000000000004,4,2,2,422,8,New Customers,2
12845,268,4,354.09,1,4,2,142,7,Cannot Lose Them,1
12847,23,1,843.64,4,1,3,413,8,New Customers,2
12849,32,2,1010.29,4,2,4,424,10,New Customers,3
12851,97,1,131.81,2,1,1,211,4,Lost Customers,1
12852,295,1,311.55,1,1,2,112,4,Lost Customers,1
12853,135,6,1957.1000000000001,2,5,4,254,11,At Risk,3
12854,79,3,1316.25,2,3,4,234,9,At Risk,3
12855,373,1,38.1,1,1,1,111,3,Lost Customers,1
12856,8,6,2170.78,5,5,5,555,15,Champions,0
12857,211,2,1106.4,1,2,4,124,7,About To Sleep,1
12863,53,1,521.2,3,1,3,313,7,Potential Loyalists,2
12864,139,1,147.12,2,1,1,211,4,Lost Customers,1
12865,27,2,1568.23,4,2,4,424,10,New Customers,3
12866,284,1,559.12,1,1,3,113,5,About To Sleep,1
12867,27,7,4009.34,4,5,5,455,14,Champions,0
12868,186,6,1607.0600000000002,1,5,4,154,10,Cannot Lose Them,3
12871,85,2,380.64,2,2,2,222,6,Lost Customers,1
12872,327,2,599.97,1,2,3,123,6,About To Sleep,1
12873,283,1,374.0,1,1,2,112,4,Lost Customers,1
12875,144,2,343.2300000000001,2,2,2,222,6,Lost Customers,1
12876,58,2,2218.02,3,2,5,325,10,Potential Loyalists,3
12877,4,12,1535.77,5,5,4,554,14,Champions,0
12878,237,2,854.99,1,2,3,123,6,About To Sleep,1
12879,45,3,573.22,3,3,3,333,9,Loyal Customers,3
12881,276,1,298.0,1,1,2,112,4,Lost Customers,1
12882,10,2,1463.04,5,2,4,524,11,New Customers,3
12883,25,4,703.47,4,4,3,443,11,Loyal Customers,3
12884,89,1,309.05,2,1,2,212,5,Lost Customers,1
12885,64,3,1175.22,3,3,4,334,10,Loyal Customers,3
12886,68,2,1378.4,3,2,4,324,9,Potential Loyalists,3
12888,215,2,354.12,1,2,2,122,5,Lost Customers,1
12890,25,1,376.71999999999997,4,1,2,412,7,New Customers,2
12891,186,3,331.0,1,3,2,132,6,About To Sleep,1
12893,31,1,176.55,4,1,1,411,6,New Customers,2
12895,43,2,372.8,3,2,2,322,7,Potential Loyalists,2
12897,205,2,216.5,1,2,1,121,4,Lost Customers,1
12901,9,28,17654.54,5,5,5,555,15,Champions,0
12902,265,1,138.68,1,1,1,111,3,Lost Customers,1
12904,19,2,496.06,4,2,3,423,9,New Customers,2
12906,12,5,2919.81,5,4,5,545,14,Champions,0
12908,177,2,750.0,2,2,3,223,7,Hibernating,1
12909,40,5,2178.67,3,4,5,345,12,Loyal Customers,3
12910,24,8,3075.04,4,5,5,455,14,Champions,0
12912,3,5,1662.3,5,4,4,544,13,Champions,0
12913,5,5,2483.63,5,4,5,545,14,Champions,0
12915,149,2,363.65,2,2,2,222,6,Lost Customers,1
12916,139,4,2944.95,2,4,5,245,11,At Risk,3
12917,129,1,594.0,2,1,3,213,6,About To Sleep,1
12919,9,6,1335.19,5,5,4,554,14,Champions,0
12920,18,1,162.78,4,1,1,411,6,New Customers,2
12921,10,37,16587.09,5,5,5,555,15,Champions,0
12922,162,1,405.38,2,1,2,212,5,Lost Customers,1
12923,65,1,172.82,3,1,1,311,5,Potential Loyalists,2
12924,89,4,933.7,2,4,4,244,10,At Risk,3
12925,5,2,694.05,5,2,3,523,10,New Customers,2
12928,36,5,2062.7000000000003,3,4,5,345,12,Loyal Customers,3
12929,312,1,117.85,1,1,1,111,3,Lost Customers,1
12930,79,2,415.8,2,2,2,222,6,Lost Customers,1
12931,22,15,42055.96,4,5,5,455,14,Champions,0
12933,25,3,607.53,4,3,3,433,10,Loyal Customers,3
12935,3,7,2160.7,5,5,5,555,15,Champions,0
12936,18,4,1063.9,4,4,4,444,12,Champions,3
12937,16,4,1504.27,4,4,4,444,12,Champions,3
12938,26,1,114.14,4,1,1,411,6,New Customers,2
12939,65,8,11581.8,3,5,5,355,13,Loyal Customers,0
12940,55,2,899.69,3,2,3,323,8,Potential Loyalists,3
12942,132,3,675.6,2,3,3,233,8,At Risk,3
12944,36,2,604.51,3,2,3,323,8,Potential Loyalists,2
12945,289,1,462.95,1,1,2,112,4,Lost Customers,1
12947,144,6,1603.99,2,5,4,254,11,At Risk,3
12948,17,7,2064.95,4,5,5,455,14,Champions,0
12949,31,8,4167.22,4,5,5,455,14,Champions,0
12950,3,3,1843.0,5,3,4,534,12,Loyal Customers,3
12951,9,6,1064.07,5,5,4,554,14,Champions,3
12952,6,4,1387.79,5,4,4,544,13,Champions,3
12953,10,1,329.85,5,1,2,512,8,New Customers,2
12955,2,11,4757.16,5,5,5,555,15,Champions,0
12956,307,1,108.07,1,1,1,111,3,Lost Customers,1
12957,10,8,4017.54,5,5,5,555,15,Champions,0
12962,8,2,266.39,5,2,2,522,9,New Customers,2
12963,9,8,1856.63,5,5,4,554,14,Champions,0
12965,90,1,769.8100000000001,2,1,3,213,6,About To Sleep,1
12966,10,1,160.18,5,1,1,511,7,New Customers,2
12967,359,2,1660.9,1,2,4,124,7,About To Sleep,1
12968,113,1,135.95,2,1,1,211,4,Lost Customers,1
12970,8,4,405.47,5,4,2,542,11,Loyal Customers,2
12971,4,86,11189.91,5,5,5,555,15,Champions,0
12974,198,1,144.8,1,1,1,111,3,Lost Customers,1
12976,212,1,738.6,1,1,3,113,5,About To Sleep,1
12977,157,1,39.239999999999995,2,1,1,211,4,Lost Customers,1
12980,158,9,7374.900000000001,2,5,5,255,12,At Risk,3
12981,30,2,372.21999999999997,4,2,2,422,8,New Customers,2
12982,243,1,390.54,1,1,2,112,4,Lost Customers,1
12984,19,1,97.5,4,1,1,411,6,New Customers,2
12985,1,2,1239.38,5,2,4,524,11,New Customers,2
12987,74,2,558.7,2,2,3,223,7,Hibernating,1
12988,293,1,505.82,1,1,3,113,5,About To Sleep,1
12989,4,15,6924.110000000001,5,5,5,555,15,Champions,0
12990,32,3,409.5,4,3,2,432,9,Loyal Customers,2
12991,24,2,503.76,4,2,3,423,9,New Customers,2
12993,24,4,414.76,4,4,2,442,10,Loyal Customers,3
12994,5,3,974.4200000000001,5,3,4,534,12,Loyal Customers,3
12995,86,1,211.32,2,1,1,211,4,Lost Customers,1
12997,23,4,1226.89,4,4,4,444,12,Champions,3
12999,197,3,455.88,1,3,2,132,6,About To Sleep,1
13000,107,3,534.85,2,3,3,233,8,At Risk,3
13001,5,13,9785.970000000001,5,5,5,555,15,Champions,0
13002,319,1,120.94999999999999,1,1,1,111,3,Lost Customers,1
13003,106,3,149.05,2,3,1,231,6,At Risk,1
13004,12,18,5655.91,5,5,5,555,15,Champions,0
13005,174,2,513.7,2,2,3,223,7,Hibernating,1
13006,57,1,81.57,3,1,1,311,5,Potential Loyalists,2
13008,324,1,229.46999999999997,1,1,1,111,3,Lost Customers,1
13011,373,1,50.550000000000004,1,1,1,111,3,Lost Customers,1
13012,10,8,1646.8400000000001,5,5,4,554,14,Champions,0
13013,2,13,4810.9400000000005,5,5,5,555,15,Champions,0
13014,11,10,3466.2799999999997,5,5,5,555,15,Champions,0
13015,54,5,3339.64,3,4,5,345,12,Loyal Customers,3
13016,74,3,789.89,2,3,3,233,8,At Risk,3
13017,8,1,204.0,5,1,1,511,7,New Customers,2
13018,17,28,7277.7,4,5,5,455,14,Champions,0
13021,5,9,2616.38,5,5,5,555,15,Champions,0
13023,65,2,689.9,3,2,3,323,8,Potential Loyalists,3
13026,2,5,975.36,5,4,4,544,13,Champions,0
13027,114,6,6912.0,2,5,5,255,12,At Risk,3
13028,23,2,661.3199999999999,4,2,3,423,9,New Customers,2
13029,31,3,1247.5,4,3,4,434,11,Loyal Customers,3
13030,12,2,752.4399999999999,5,2,3,523,10,New Customers,2
13032,53,2,1010.18,3,2,4,324,9,Potential Loyalists,3
13033,358,1,190.55,1,1,1,111,3,Lost Customers,1
13034,55,2,642.77,3,2,3,323,8,Potential Loyalists,3
13035,74,2,921.88,2,2,3,223,7,Hibernating,3
13037,139,3,881.07,2,3,3,233,8,At Risk,3
13038,81,3,908.46,2,3,3,233,8,At Risk,3
13040,9,2,676.99,5,2,3,523,10,New Customers,2
13043,274,1,516.42,1,1,3,113,5,About To Sleep,1
13044,292,1,560.47,1,1,3,113,5,About To Sleep,1
13045,100,1,305.28000000000003,2,1,2,212,5,Lost Customers,1
13046,31,2,629.31,4,2,3,423,9,New Customers,2
13047,32,10,3237.54,4,5,5,455,14,Champions,0
13048,15,4,1819.41,4,4,4,444,12,Champions,3
13049,65,2,656.6800000000001,3,2,3,323,8,Potential Loyalists,3
13050,15,17,5836.86,4,5,5,455,14,Champions,0
13052,213,1,348.15000000000003,1,1,2,112,4,Lost Customers,1
13055,79,3,1214.41,2,3,4,234,9,At Risk,3
13058,25,3,271.40000000000003,4,3,2,432,9,Loyal Customers,2
13059,250,1,183.4,1,1,1,111,3,Lost Customers,1
13060,254,1,307.53,1,1,2,112,4,Lost Customers,1
13061,73,1,248.61,2,1,1,211,4,Lost Customers,1
13062,192,1,346.98,1,1,2,112,4,Lost Customers,1
13064,13,4,1105.59,5,4,4,544,13,Champions,3
13065,374,1,205.86,1,1,1,111,3,Lost Customers,1
13066,25,2,470.8,4,2,2,422,8,New Customers,2
13067,83,1,115.46000000000001,2,1,1,211,4,Lost Customers,1
13068,11,2,344.0,5,2,2,522,9,New Customers,2
13069,1,24,4431.44,5,5,5,555,15,Champions,0
13070,193,1,228.8,1,1,1,111,3,Lost Customers,1
13072,267,1,177.15,1,1,1,111,3,Lost Customers,1
13075,130,1,919.61,2,1,3,213,6,About To Sleep,1
13077,2,4,728.02,5,4,3,543,12,Loyal Customers,3
13078,4,26,12627.94,5,5,5,555,15,Champions,0
13079,5,5,220.10000000000002,5,4,1,541,10,Loyal Customers,2
13080,180,1,58.08,2,1,1,211,4,Lost Customers,1
13081,12,11,28337.38,5,5,5,555,15,Champions,0
13082,127,9,3613.63,2,5,5,255,12,At Risk,3
13083,5,2,303.75,5,2,2,522,9,New Customers,2
13085,158,2,416.08000000000004,2,2,2,222,6,Lost Customers,1
13089,3,97,58762.08,5,5,5,555,15,Champions,0
13090,9,14,8910.82,5,5,5,555,15,Champions,0
13091,29,1,345.82,4,1,2,412,7,New Customers,2
13092,71,5,477.83,3,4,2,342,9,Loyal Customers,3
13093,276,8,7832.47,1,5,5,155,11,Cannot Lose Them,3
13094,22,12,1927.3200000000002,4,5,4,454,13,Champions,0
13095,71,1,74.39999999999999,3,1,1,311,5,Potential Loyalists,2
13097,33,10,6003.22,4,5,5,455,14,Champions,0
13098,2,28,28882.44,5,5,5,555,15,Champions,0
13099,100,1,207.35999999999999,2,1,1,211,4,Lost Customers,1
13101,235,1,101.19,1,1,1,111,3,Lost Customers,1
13102,2,24,6424.09,5,5,5,555,15,Champions,0
13103,40,1,243.94,3,1,1,311,5,Potential Loyalists,2
13104,4,6,1098.48,5,5,4,554,14,Champions,0
13106,134,1,76.5,2,1,1,211,4,Lost Customers,1
13107,45,4,1531.6200000000001,3,4,4,344,11,Loyal Customers,3
13108,373,1,350.06,1,1,2,112,4,Lost Customers,1
13109,60,2,786.54,3,2,3,323,8,Potential Loyalists,3
13110,32,7,1488.67,4,5,4,454,13,Champions,3
13113,1,24,12245.960000000001,5,5,5,555,15,Champions,0
13115,12,4,2294.78,5,4,5,545,14,Champions,3
13116,139,1,501.14,2,1,3,213,6,About To Sleep,1
13117,22,8,984.91,4,5,4,454,13,Champions,3
13118,20,5,1197.81,4,4,4,444,12,Champions,3
13120,239,1,30.599999999999998,1,1,1,111,3,Lost Customers,1
13121,270,1,283.73,1,1,2,112,4,Lost Customers,1
13122,95,2,922.39,2,2,3,223,7,Hibernating,3
13124,90,3,3756.33,2,3,5,235,10,At Risk,3
13126,5,8,2099.64,5,5,5,555,15,Champions,0
13127,78,1,259.17,2,1,2,212,5,Lost Customers,1
13130,95,1,64.0,2,1,1,211,4,Lost Customers,1
13131,24,3,1073.3,4,3,4,434,11,Loyal Customers,3
13132,262,1,77.3,1,1,1,111,3,Lost Customers,1
13133,274,2,109.8,1,2,1,121,4,Lost Customers,1
13134,86,4,1793.58,2,4,4,244,10,At Risk,3
13135,197,1,3096.0,1,1,5,115,7,About To Sleep,3
13136,57,5,2607.61,3,4,5,345,12,Loyal Customers,3
13137,11,8,3603.29,5,5,5,555,15,Champions,0
13138,23,6,962.39,4,5,4,454,13,Champions,3
13139,17,7,5064.94,4,5,5,455,14,Champions,0
13140,109,3,422.47,2,3,2,232,7,At Risk,1
13141,85,5,2388.75,2,4,5,245,11,At Risk,3
13142,20,1,307.09,4,1,2,412,7,New Customers,2
13144,333,1,110.95,1,1,1,111,3,Lost Customers,1
13145,40,4,618.52,3,4,3,343,10,Loyal Customers,3
13146,27,1,228.91,4,1,1,411,6,New Customers,2
13147,11,4,712.8000000000001,5,4,3,543,12,Loyal Customers,3
13148,30,12,3683.26,4,5,5,455,14,Champions,0
13149,15,4,1676.06,4,4,4,444,12,Champions,3
13151,296,1,1257.8700000000001,1,1,4,114,6,About To Sleep,1
13153,6,1,486.22,5,1,2,512,8,New Customers,2
13155,34,4,971.76,3,4,4,344,11,Loyal Customers,3
13157,50,4,1741.22,3,4,4,344,11,Loyal Customers,3
13158,95,4,1201.06,2,4,4,244,10,At Risk,3
13159,9,4,1429.35,5,4,4,544,13,Champions,3
13160,23,1,91.8,4,1,1,411,6,New Customers,2
13161,314,1,112.75,1,1,1,111,3,Lost Customers,1
13162,123,4,1688.29,2,4,4,244,10,At Risk,3
13165,47,2,1021.48,3,2,4,324,9,Potential Loyalists,3
13166,284,1,417.2,1,1,2,112,4,Lost Customers,1
13167,19,4,791.33,4,4,3,443,11,Loyal Customers,3
13168,37,4,1299.59,3,4,4,344,11,Loyal Customers,3
13169,64,2,712.88,3,2,3,323,8,Potential Loyalists,3
13170,27,1,108.81,4,1,1,411,6,New Customers,2
13171,22,3,468.41,4,3,2,432,9,Loyal Customers,2
13173,5,2,353.65,5,2,2,522,9,New Customers,2
13174,17,3,2742.82,4,3,5,435,12,Loyal Customers,3
13176,47,1,481.49,3,1,2,312,6,Potential Loyalists,2
13177,65,1,282.45,3,1,2,312,6,Potential Loyalists,2
13178,27,11,5725.47,4,5,5,455,14,Champions,0
13182,46,1,121.18,3,1,1,311,5,Potential Loyalists,2
13183,8,9,3957.78,5,5,5,555,15,Champions,0
13184,15,10,1668.95,4,5,4,454,13,Champions,0
13185,268,1,71.4,1,1,1,111,3,Lost Customers,1
13186,40,3,1575.89,3,3,4,334,10,Loyal Customers,3
13187,338,1,236.02,1,1,1,111,3,Lost Customers,1
13188,12,1,114.60000000000001,5,1,1,511,7,New Customers,2
13189,19,2,260.68,4,2,2,422,8,New Customers,2
13192,96,2,911.94,2,2,3,223,7,Hibernating,3
13193,62,1,112.08,3,1,1,311,5,Potential Loyalists,2
13194,136,1,60.7,2,1,1,211,4,Lost Customers,1
13196,12,4,1797.78,5,4,4,544,13,Champions,3
13198,11,6,3401.2400000000002,5,5,5,555,15,Champions,0
13199,4,38,9817.12,5,5,5,555,15,Champions,0
13200,20,4,870.09,4,4,3,443,11,Loyal Customers,3
13203,10,4,869.46,5,4,3,543,12,Loyal Customers,3
13207,16,2,250.26000000000002,4,2,2,422,8,New Customers,2
13208,59,6,1217.65,3,5,4,354,12,Loyal Customers,3
13209,31,8,5891.61,4,5,5,455,14,Champions,0
13210,94,1,353.48,2,1,2,212,5,Lost Customers,1
13211,11,3,1095.42,5,3,4,534,12,Loyal Customers,3
13212,20,3,786.83,4,3,3,433,10,Loyal Customers,3
13213,57,5,1520.58,3,4,4,344,11,Loyal Customers,3
13216,268,1,333.74,1,1,2,112,4,Lost Customers,1
13217,123,3,533.98,2,3,3,233,8,At Risk,1
13218,128,1,62.63999999999999,2,1,1,211,4,Lost Customers,1
13220,79,4,819.2900000000001,2,4,3,243,9,At Risk,3
13221,241,2,847.41,1,2,3,123,6,About To Sleep,1
13223,201,2,163.20000000000002,1,2,1,121,4,Lost Customers,1
13224,61,2,2155.95,3,2,5,325,10,Potential Loyalists,3
13225,4,7,6463.84,5,5,5,555,15,Champions,0
13226,274,1,108.21000000000001,1,1,1,111,3,Lost Customers,1
13227,202,1,257.7,1,1,2,112,4,Lost Customers,1
13228,82,1,358.0,2,1,2,212,5,Lost Customers,1
13229,226,1,160.95,1,1,1,111,3,Lost Customers,1
13230,5,14,2755.63,5,5,5,555,15,Champions,0
13232,13,7,1328.35,5,5,4,554,14,Champions,0
13233,75,2,605.12,2,2,3,223,7,Hibernating,3
13235,213,1,1031.07,1,1,4,114,6,About To Sleep,1
13236,25,2,744.85,4,2,3,423,9,New Customers,3
13238,18,4,700.73,4,4,3,443,11,Loyal Customers,3
13239,262,1,329.56,1,1,2,112,4,Lost Customers,1
13240,97,4,663.65,2,4,3,243,9,At Risk,3
13242,113,3,270.40000000000003,2,3,2,232,7,At Risk,1
13243,204,1,585.12,1,1,3,113,5,About To Sleep,1
13244,93,1,121.74000000000001,2,1,1,211,4,Lost Customers,1
13245,51,1,430.5,3,1,2,312,6,Potential Loyalists,2
13246,19,6,1961.52,4,5,4,454,13,Champions,3
13247,18,4,501.12,4,4,3,443,11,Loyal Customers,3
13248,125,2,465.68,2,2,2,222,6,Lost Customers,1
13249,93,3,711.41,2,3,3,233,8,At Risk,3
13253,157,2,1030.4,2,2,4,224,8,Hibernating,1
13255,10,2,399.51,5,2,2,522,9,New Customers,2
13258,12,3,672.83,5,3,3,533,11,Loyal Customers,3
13259,62,1,283.18,3,1,2,312,6,Potential Loyalists,2
13260,62,1,557.62,3,1,3,313,7,Potential Loyalists,2
13261,269,2,944.1,1,2,4,124,7,About To Sleep,1
13262,264,1,200.29,1,1,1,111,3,Lost Customers,1
13263,2,35,7436.93,5,5,5,555,15,Champions,0
13265,54,5,2092.66,3,4,5,345,12,Loyal Customers,3
13266,12,12,3834.2599999999998,5,5,5,555,15,Champions,0
13267,3,19,4521.49,5,5,5,555,15,Champions,0
13268,18,11,3174.75,4,5,5,455,14,Champions,0
13269,2,15,5343.28,5,5,5,555,15,Champions,0
13270,367,1,590.0,1,1,3,113,5,About To Sleep,1
13271,38,1,211.49,3,1,1,311,5,Potential Loyalists,2
13272,32,2,276.56,4,2,2,422,8,New Customers,2
13273,114,1,138.98,2,1,1,211,4,Lost Customers,1
13276,64,2,590.9300000000001,3,2,3,323,8,Potential Loyalists,2
13277,16,4,258.4,4,4,2,442,10,Loyal Customers,2
13278,41,1,542.73,3,1,3,313,7,Potential Loyalists,2
13279,79,1,137.75,2,1,1,211,4,Lost Customers,1
13280,123,3,798.46,2,3,3,233,8,At Risk,3
13282,19,3,1132.14,4,3,4,434,11,Loyal Customers,3
13283,60,2,93.66,3,2,1,321,6,Potential Loyalists,2
13284,331,1,201.19,1,1,1,111,3,Lost Customers,1
13285,24,4,2709.12,4,4,5,445,13,Champions,3
13291,156,1,361.11,2,1,2,212,5,Lost Customers,1
13292,39,2,578.9399999999999,3,2,3,323,8,Potential Loyalists,2
13294,190,2,873.74,1,2,3,123,6,About To Sleep,1
13295,360,1,201.20000000000002,1,1,1,111,3,Lost Customers,1
13296,138,1,87.4,2,1,1,211,4,Lost Customers,1
13297,8,4,2089.85,5,4,5,545,14,Champions,3
13298,2,1,360.0,5,1,2,512,8,New Customers,2
13299,269,1,142.5,1,1,1,111,3,Lost Customers,1
13300,170,1,371.89,2,1,2,212,5,Lost Customers,1
13301,104,4,618.09,2,4,3,243,9,At Risk,3
13302,156,1,63.75,2,1,1,211,4,Lost Customers,1
13304,352,1,300.42,1,1,2,112,4,Lost Customers,1
13305,5,10,2000.86,5,5,4,554,14,Champions,0
13307,121,1,15.0,2,1,1,211,4,Lost Customers,1
13308,23,3,1385.51,4,3,4,434,11,Loyal Customers,3
13309,8,5,1456.79,5,4,4,544,13,Champions,3
13310,29,3,1132.03,4,3,4,434,11,Loyal Customers,3
13311,5,2,598.57,5,2,3,523,10,New Customers,2
13313,23,5,1555.32,4,4,4,444,12,Champions,3
13314,2,3,775.94,5,3,3,533,11,Loyal Customers,2
13316,38,4,5732.93,3,4,5,345,12,Loyal Customers,3
13317,67,6,2273.68,3,5,5,355,13,Loyal Customers,3
13318,2,3,640.76,5,3,3,533,11,Loyal Customers,2
13319,6,26,10845.550000000001,5,5,5,555,15,Champions,0
13320,79,4,1532.2,2,4,4,244,10,At Risk,3
13321,73,2,567.36,2,2,3,223,7,Hibernating,2
13322,18,1,199.48000000000002,4,1,1,411,6,New Customers,2
13323,4,5,787.85,5,4,3,543,12,Loyal Customers,3
13324,37,10,7121.95,3,5,5,355,13,Loyal Customers,0
13325,82,1,675.3,2,1,3,213,6,About To Sleep,1
13327,39,8,3627.77,3,5,5,355,13,Loyal Customers,0
13328,317,1,1308.48,1,1,4,114,6,About To Sleep,1
13329,32,2,789.0,4,2,3,423,9,New Customers,3
13330,93,3,1140.93,2,3,4,234,9,At Risk,3
13332,15,1,350.9,4,1,2,412,7,New Customers,2
13334,83,3,3502.32,2,3,5,235,10,At Risk,3
13336,78,1,795.12,2,1,3,213,6,About To Sleep,1
13338,158,1,487.02,2,1,2,212,5,Lost Customers,1
13339,201,1,860.12,1,1,3,113,5,About To Sleep,1
13340,46,7,10736.48,3,5,5,355,13,Loyal Customers,0
13341,261,1,775.85,1,1,3,113,5,About To Sleep,1
13343,178,1,353.43,2,1,2,212,5,Lost Customers,1
13344,68,3,2511.69,3,3,5,335,11,Loyal Customers,3
13345,288,1,389.5,1,1,2,112,4,Lost Customers,1
13347,71,1,341.36,3,1,2,312,6,Potential Loyalists,2
13348,65,1,233.76,3,1,1,311,5,Potential Loyalists,2
13349,11,1,247.32,5,1,1,511,7,New Customers,2
13350,17,2,979.12,4,2,4,424,10,New Customers,3
13351,67,1,373.94,3,1,2,312,6,Potential Loyalists,2
13352,61,1,397.97999999999996,3,1,2,312,6,Potential Loyalists,2
13354,72,1,743.53,3,1,3,313,7,Potential Loyalists,1
13355,123,1,674.7,2,1,3,213,6,About To Sleep,1
13356,81,1,768.24,2,1,3,213,6,About To Sleep,1
13357,258,1,609.4,1,1,3,113,5,About To Sleep,1
13358,269,1,439.03,1,1,2,112,4,Lost Customers,1
13359,64,1,439.56,3,1,2,312,6,Potential Loyalists,2
13362,10,4,3090.7400000000002,5,4,5,545,14,Champions,3
13363,18,2,992.5,4,2,4,424,10,New Customers,3
13364,72,1,134.95999999999998,3,1,1,311,5,Potential Loyalists,2
13365,34,2,2225.37,3,2,5,325,10,Potential Loyalists,3
13366,51,1,56.160000000000004,3,1,1,311,5,Potential Loyalists,2
13368,257,2,623.4,1,2,3,123,6,About To Sleep,1
13369,366,1,308.28000000000003,1,1,2,112,4,Lost Customers,1
13370,372,1,754.87,1,1,3,113,5,About To Sleep,1
13372,90,1,378.64,2,1,2,212,5,Lost Customers,1
13373,61,3,3312.25,3,3,5,335,11,Loyal Customers,3
13375,89,1,778.65,2,1,3,213,6,About To Sleep,1
13376,100,3,1019.76,2,3,4,234,9,At Risk,3
13379,27,3,572.56,4,3,3,433,10,Loyal Customers,3
13381,32,6,3639.31,4,5,5,455,14,Champions,3
13382,281,1,222.99,1,1,1,111,3,Lost Customers,1
13384,31,7,4151.93,4,5,5,455,14,Champions,0
13385,330,1,534.57,1,1,3,113,5,About To Sleep,1
13388,132,2,677.1,2,2,3,223,7,Hibernating,1
13389,12,3,797.96,5,3,3,533,11,Loyal Customers,3
13390,75,1,544.08,2,1,3,213,6,About To Sleep,1
13391,204,1,59.8,1,1,1,111,3,Lost Customers,1
13394,2,8,2520.02,5,5,5,555,15,Champions,0
13395,186,1,307.72,1,1,2,112,4,Lost Customers,1
13396,30,2,1360.99,4,2,4,424,10,New Customers,3
13397,73,5,1544.13,2,4,4,244,10,At Risk,3
13398,193,1,457.34,1,1,2,112,4,Lost Customers,1
13402,128,2,621.23,2,2,3,223,7,Hibernating,1
13403,18,1,75.0,4,1,1,411,6,New Customers,2
13404,2,2,252.49,5,2,2,522,9,New Customers,2
13405,75,3,572.451,2,3,3,233,8,At Risk,3
13408,2,62,28117.04,5,5,5,555,15,Champions,0
13410,25,5,1003.06,4,4,4,444,12,Champions,3
13411,108,1,213.55,2,1,1,211,4,Lost Customers,1
13414,134,3,1390.5,2,3,4,234,9,At Risk,3
13416,44,2,712.5,3,2,3,323,8,Potential Loyalists,3
13417,5,2,640.83,5,2,3,523,10,New Customers,2
13418,12,18,6127.43,5,5,5,555,15,Champions,0
13419,64,1,221.06,3,1,1,311,5,Potential Loyalists,2
13420,150,2,159.85,2,2,1,221,5,Lost Customers,1
13421,41,2,1833.71,3,2,4,324,9,Potential Loyalists,3
13422,65,1,2626.3,3,1,5,315,9,Potential Loyalists,3
13425,109,3,1624.21,2,3,4,234,9,At Risk,3
13426,1,10,3641.32,5,5,5,555,15,Champions,0
13427,20,3,582.6,4,3,3,433,10,Loyal Customers,3
13428,11,1,201.78,5,1,1,511,7,New Customers,2
13429,11,4,1006.8,5,4,4,544,13,Champions,3
13430,19,2,679.45,4,2,3,423,9,New Customers,2
13431,68,2,1269.1,3,2,4,324,9,Potential Loyalists,3
13434,75,2,534.24,2,2,3,223,7,Hibernating,1
13435,6,7,3809.8900000000003,5,5,5,555,15,Champions,0
13436,2,1,196.89,5,1,1,511,7,New Customers,2
13437,15,7,3408.06,4,5,5,455,14,Champions,0
13439,256,1,283.71,1,1,2,112,4,Lost Customers,1
13441,92,1,296.64,2,1,2,212,5,Lost Customers,1
13447,24,3,1129.14,4,3,4,434,11,Loyal Customers,3
13448,17,6,3534.69,4,5,5,455,14,Champions,0
13449,24,1,291.88,4,1,2,412,7,New Customers,2
13450,27,6,2043.7199999999998,4,5,4,454,13,Champions,3
13451,27,5,2898.2599999999998,4,4,5,445,13,Champions,3
13452,260,2,590.0,1,2,3,123,6,About To Sleep,1
13453,166,2,356.97999999999996,2,2,2,222,6,Lost Customers,1
13455,25,2,1058.34,4,2,4,424,10,New Customers,3
13456,18,6,1766.72,4,5,4,454,13,Champions,3
13458,8,14,9646.57,5,5,5,555,15,Champions,0
13460,30,2,183.44,4,2,1,421,7,New Customers,2
13461,39,3,1445.0,3,3,4,334,10,Loyal Customers,3
13462,253,1,151.5,1,1,1,111,3,Lost Customers,1
13464,59,1,674.68,3,1,3,313,7,Potential Loyalists,2
13466,185,1,307.9,1,1,2,112,4,Lost Customers,1
13467,11,2,1071.91,5,2,4,524,11,New Customers,3
13468,2,37,5704.97,5,5,5,555,15,Champions,0
13470,100,2,165.0,2,2,1,221,5,Lost Customers,1
13471,2,4,2501.84,5,4,5,545,14,Champions,0
13473,61,2,422.64,3,2,2,322,7,Potential Loyalists,2
13474,237,1,226.84,1,1,1,111,3,Lost Customers,1
13475,192,4,1431.78,1,4,4,144,9,Cannot Lose Them,3
13476,179,2,1238.47,2,2,4,224,8,Hibernating,1
13477,38,6,1454.58,3,5,4,354,12,Loyal Customers,3
13479,201,2,300.95,1,2,2,122,5,Lost Customers,1
13481,46,5,1804.56,3,4,4,344,11,Loyal Customers,3
13482,233,1,184.64,1,1,1,111,3,Lost Customers,1
13483,66,1,140.34,3,1,1,311,5,Potential Loyalists,2
13484,242,1,313.8,1,1,2,112,4,Lost Customers,1
13485,234,1,454.24,1,1,2,112,4,Lost Customers,1
13486,79,3,1122.41,2,3,4,234,9,At Risk,3
13487,58,3,575.4,3,3,3,333,9,Loyal Customers,3
13488,18,13,8968.31,4,5,5,455,14,Champions,0
13489,106,4,449.52,2,4,2,242,8,At Risk,3
13491,52,10,1215.82,3,5,4,354,12,Loyal Customers,3
13492,137,3,1269.84,2,3,4,234,9,At Risk,3
13493,276,2,618.63,1,2,3,123,6,About To Sleep,1
13494,312,1,316.26000000000005,1,1,2,112,4,Lost Customers,1
13495,8,5,2044.8700000000001,5,4,4,544,13,Champions,0
13496,11,2,653.33,5,2,3,523,10,New Customers,2
13497,283,2,348.05,1,2,2,122,5,Lost Customers,1
13499,18,5,1159.11,4,4,4,444,12,Champions,3
13500,24,3,1166.77,4,3,4,434,11,Loyal Customers,3
13501,289,1,1340.32,1,1,4,114,6,About To Sleep,1
13502,17,3,292.0,4,3,2,432,9,Loyal Customers,2
13503,72,1,216.85,3,1,1,311,5,Potential Loyalists,2
13504,65,1,295.93,3,1,2,312,6,Potential Loyalists,2
13505,73,4,4393.63,2,4,5,245,11,At Risk,3
13506,317,2,458.52,1,2,2,122,5,Lost Customers,1
13507,4,4,2479.16,5,4,5,545,14,Champions,0
13508,244,1,110.97,1,1,1,111,3,Lost Customers,1
13509,9,7,979.72,5,5,4,554,14,Champions,0
13510,2,4,1791.56,5,4,4,544,13,Champions,0
13512,261,1,251.21,1,1,2,112,4,Lost Customers,1
13513,127,1,205.1,2,1,1,211,4,Lost Customers,1
13514,74,1,152.20000000000002,2,1,1,211,4,Lost Customers,1
13515,73,4,891.12,2,4,3,243,9,At Risk,3
13516,22,3,1389.41,4,3,4,434,11,Loyal Customers,3
13517,60,3,2128.42,3,3,5,335,11,Loyal Customers,3
13518,86,1,627.16,2,1,3,213,6,About To Sleep,1
13519,79,1,122.75,2,1,1,211,4,Lost Customers,1
13520,59,6,3624.35,3,5,5,355,13,Loyal Customers,3
13521,2,3,1071.73,5,3,4,534,12,Loyal Customers,3
13522,31,1,125.80000000000001,4,1,1,411,6,New Customers,2
13523,34,5,3964.88,3,4,5,345,12,Loyal Customers,3
13524,41,5,680.1800000000001,3,4,3,343,10,Loyal Customers,3
13525,15,2,628.78,4,2,3,423,9,New Customers,2
13527,34,7,2242.36,3,5,5,355,13,Loyal Customers,3
13529,79,2,307.76,2,2,2,222,6,Lost Customers,1
13531,206,2,483.8,1,2,2,122,5,Lost Customers,1
13532,34,1,210.31,3,1,1,311,5,Potential Loyalists,2
13533,183,3,269.09,1,3,2,132,6,About To Sleep,1
13534,3,25,5870.08,5,5,5,555,15,Champions,0
13536,2,7,3444.39,5,5,5,555,15,Champions,0
13538,44,7,1280.85,3,5,4,354,12,Loyal Customers,3
13539,86,3,631.34,2,3,3,233,8,At Risk,3
13544,40,2,276.06,3,2,2,322,7,Potential Loyalists,2
13546,13,3,621.09,5,3,3,533,11,Loyal Customers,3
13548,97,2,678.16,2,2,3,223,7,Hibernating,1
13549,26,7,918.2,4,5,3,453,12,Loyal Customers,3
13551,320,1,91.80000000000001,1,1,1,111,3,Lost Customers,1
13552,67,12,3740.07,3,5,5,355,13,Loyal Customers,0
13555,74,4,4098.88,2,4,5,245,11,At Risk,3
13557,29,2,584.06,4,2,3,423,9,New Customers,2
13558,6,4,594.52,5,4,3,543,12,Loyal Customers,3
13560,8,1,171.42000000000002,5,1,1,511,7,New Customers,2
13561,216,1,141.85999999999999,1,1,1,111,3,Lost Customers,1
13562,82,3,1799.33,2,3,4,234,9,At Risk,3
13563,85,2,777.53,2,2,3,223,7,Hibernating,3
13564,145,3,1724.67,2,3,4,234,9,At Risk,3
13565,20,2,240.22,4,2,1,421,7,New Customers,2
13566,41,2,856.84,3,2,3,323,8,Potential Loyalists,3
13568,174,1,187.05,2,1,1,211,4,Lost Customers,1
13569,18,2,338.62,4,2,2,422,8,New Customers,2
13570,244,1,239.49,1,1,1,111,3,Lost Customers,1
13571,13,12,2088.94,5,5,5,555,15,Champions,0
13572,206,1,1384.25,1,1,4,114,6,About To Sleep,1
13573,51,2,290.25,3,2,2,322,7,Potential Loyalists,2
13575,24,5,732.0699999999999,4,4,3,443,11,Loyal Customers,3
13576,11,18,6717.34,5,5,5,555,15,Champions,0
13577,26,4,1687.6000000000001,4,4,4,444,12,Champions,3
13579,15,2,467.04,4,2,2,422,8,New Customers,2
13581,310,1,118.0,1,1,1,111,3,Lost Customers,1
13583,156,1,781.03,2,1,3,213,6,About To Sleep,1
13584,307,1,142.4,1,1,1,111,3,Lost Customers,1
13587,64,1,712.4,3,1,3,313,7,Potential Loyalists,2
13588,16,9,2478.95,4,5,5,455,14,Champions,0
13589,15,2,379.65,4,2,2,422,8,New Customers,2
13590,12,6,1981.92,5,5,4,554,14,Champions,0
13591,65,3,1117.13,3,3,4,334,10,Loyal Customers,3
13592,36,4,247.95999999999998,3,4,1,341,8,Loyal Customers,2
13593,109,5,2011.88,2,4,4,244,10,At Risk,3
13594,53,1,396.97,3,1,2,312,6,Potential Loyalists,2
13596,6,2,664.11,5,2,3,523,10,New Customers,2
13598,48,1,160.04,3,1,1,311,5,Potential Loyalists,2
13599,2,21,5149.92,5,5,5,555,15,Champions,0
13600,313,1,219.52,1,1,1,111,3,Lost Customers,1
13601,46,2,693.32,3,2,3,323,8,Potential Loyalists,3
13602,65,1,428.89,3,1,2,312,6,Potential Loyalists,2
13603,27,1,164.34,4,1,1,411,6,New Customers,2
13606,30,3,276.75,4,3,2,432,9,Loyal Customers,2
13607,41,1,675.51,3,1,3,313,7,Potential Loyalists,2
13610,13,7,1082.33,5,5,4,554,14,Champions,3
13611,90,3,1154.4,2,3,4,234,9,At Risk,3
13614,25,4,1585.46,4,4,4,444,12,Champions,3
13615,319,1,417.69,1,1,2,112,4,Lost Customers,1
13617,41,3,544.18,3,3,3,333,9,Loyal Customers,3
13618,174,1,177.34,2,1,1,211,4,Lost Customers,1
13621,117,1,213.85,2,1,1,211,4,Lost Customers,1
13623,31,5,727.74,4,4,3,443,11,Loyal Customers,3
13626,253,1,257.23,1,1,2,112,4,Lost Customers,1
13627,60,5,1638.47,3,4,4,344,11,Loyal Customers,3
13629,24,11,7792.36,4,5,5,455,14,Champions,0
13630,6,7,2031.78,5,5,4,554,14,Champions,0
13631,100,11,3070.42,2,5,5,255,12,At Risk,3
13632,25,5,2118.93,4,4,5,445,13,Champions,3
13634,34,5,1547.3600000000001,3,4,4,344,11,Loyal Customers,3
13635,68,1,1071.03,3,1,4,314,8,Potential Loyalists,2
13636,37,5,949.12,3,4,4,344,11,Loyal Customers,3
13637,53,3,804.3,3,3,3,333,9,Loyal Customers,3
13638,16,1,122.64,4,1,1,411,6,New Customers,2
13639,75,1,1033.34,2,1,4,214,7,About To Sleep,1
13642,216,1,312.28,1,1,2,112,4,Lost Customers,1
13643,32,3,519.44,4,3,3,433,10,Loyal Customers,3
13644,17,4,2624.26,4,4,5,445,13,Champions,3
13645,121,1,252.1,2,1,2,212,5,Lost Customers,1
13647,10,4,1648.1200000000001,5,4,4,544,13,Champions,3
13649,257,2,346.6,1,2,2,122,5,Lost Customers,1
13650,17,6,1836.34,4,5,4,454,13,Champions,3
13651,36,2,94.2,3,2,1,321,6,Potential Loyalists,2
13652,46,3,1095.08,3,3,4,334,10,Loyal Customers,3
13654,44,6,2707.33,3,5,5,355,13,Loyal Customers,3
13655,115,2,932.97,2,2,3,223,7,Hibernating,3
13656,165,2,379.65,2,2,2,222,6,Lost Customers,1
13657,11,2,382.14,5,2,2,522,9,New Customers,2
13658,10,5,2639.17,5,4,5,545,14,Champions,0
13659,206,2,1563.0,1,2,4,124,7,About To Sleep,1
13662,86,3,881.26,2,3,3,233,8,At Risk,3
13663,180,1,189.47,2,1,1,211,4,Lost Customers,1
13666,61,3,84.65,3,3,1,331,7,Loyal Customers,2
13667,150,1,299.05,2,1,2,212,5,Lost Customers,1
13668,3,21,6309.83,5,5,5,555,15,Champions,0
13669,51,2,218.55,3,2,1,321,6,Potential Loyalists,2
13670,76,1,349.7,2,1,2,212,5,Lost Customers,1
13672,302,2,186.39000000000001,1,2,1,121,4,Lost Customers,1
13673,19,2,387.44,4,2,2,422,8,New Customers,2
13675,152,2,486.82000000000005,2,2,2,222,6,Lost Customers,1
13678,152,1,232.6,2,1,1,211,4,Lost Customers,1
13680,2,4,3719.12,5,4,5,545,14,Champions,0
13681,18,4,827.83,4,4,3,443,11,Loyal Customers,3
13682,188,1,59.5,1,1,1,111,3,Lost Customers,1
13684,286,1,65.13,1,1,1,111,3,Lost Customers,1
13685,3,7,3119.44,5,5,5,555,15,Champions,0
13686,183,1,72.0,1,1,1,111,3,Lost Customers,1
13689,64,1,910.0,3,1,3,313,7,Potential Loyalists,2
13690,60,1,172.25,3,1,1,311,5,Potential Loyalists,2
13692,25,3,1488.32,4,3,4,434,11,Loyal Customers,3
13694,4,50,65039.62,5,5,5,555,15,Champions,0
13695,32,15,2504.13,4,5,5,455,14,Champions,0
13697,39,1,151.29999999999998,3,1,1,311,5,Potential Loyalists,2
13699,156,1,308.58000000000004,2,1,2,212,5,Lost Customers,1
13700,27,10,2248.63,4,5,5,455,14,Champions,0
13703,319,1,99.5,1,1,1,111,3,Lost Customers,1
13704,6,9,2308.06,5,5,5,555,15,Champions,0
13705,8,3,711.86,5,3,3,533,11,Loyal Customers,3
13706,303,1,330.79,1,1,2,112,4,Lost Customers,1
13707,268,2,806.41,1,2,3,123,6,About To Sleep,1
13708,272,1,285.33,1,1,2,112,4,Lost Customers,1
13709,4,13,6307.650000000001,5,5,5,555,15,Champions,0
13710,32,1,180.48,4,1,1,411,6,New Customers,2
13711,219,2,252.06,1,2,2,122,5,Lost Customers,1
13712,247,1,228.84,1,1,1,111,3,Lost Customers,1
13715,282,5,1077.39,1,4,4,144,9,Cannot Lose Them,3
13716,270,1,138.28,1,1,1,111,3,Lost Customers,1
13717,33,6,1445.01,4,5,4,454,13,Champions,3
13718,247,2,306.55,1,2,2,122,5,Lost Customers,1
13719,16,5,1041.68,4,4,4,444,12,Champions,3
13720,117,4,799.9,2,4,3,243,9,At Risk,3
13721,37,1,524.14,3,1,3,313,7,Potential Loyalists,2
13722,132,3,2375.41,2,3,5,235,10,At Risk,3
13723,218,1,199.85000000000002,1,1,1,111,3,Lost Customers,1
13725,50,8,1980.56,3,5,4,354,12,Loyal Customers,3
13726,39,2,1079.6599999999999,3,2,4,324,9,Potential Loyalists,3
13727,29,2,333.48,4,2,2,422,8,New Customers,2
13728,37,6,1016.14,3,5,4,354,12,Loyal Customers,3
13730,136,2,752.6,2,2,3,223,7,Hibernating,1
13731,220,2,610.59,1,2,3,123,6,About To Sleep,1
13732,29,1,491.86,4,1,3,413,8,New Customers,2
13735,25,4,2883.54,4,4,5,445,13,Champions,3
13736,6,2,729.8,5,2,3,523,10,New Customers,2
13737,201,1,339.59999999999997,1,1,2,112,4,Lost Customers,1
13739,19,1,216.9,4,1,1,411,6,New Customers,2
13740,241,1,350.75,1,1,2,112,4,Lost Customers,1
13741,72,3,668.4300000000001,3,3,3,333,9,Loyal Customers,3
13742,17,12,3107.87,4,5,5,455,14,Champions,0
13743,3,7,1341.6,5,5,4,554,14,Champions,0
13744,96,2,1080.52,2,2,4,224,8,Hibernating,3
13745,163,1,300.04,2,1,2,212,5,Lost Customers,1
13747,374,1,79.6,1,1,1,111,3,Lost Customers,1
13748,96,5,948.25,2,4,4,244,10,At Risk,3
13750,54,5,1647.26,3,4,4,344,11,Loyal Customers,3
13751,289,1,296.25,1,1,2,112,4,Lost Customers,1
13752,125,6,1175.38,2,5,4,254,11,At Risk,3
13753,288,1,741.26,1,1,3,113,5,About To Sleep,1
13754,152,2,282.59999999999997,2,2,2,222,6,Lost Customers,1
13755,4,9,2108.06,5,5,5,555,15,Champions,0
13756,3,14,5189.52,5,5,5,555,15,Champions,0
13758,12,7,3190.55,5,5,5,555,15,Champions,0
13759,34,2,659.4100000000001,3,2,3,323,8,Potential Loyalists,2
13760,55,2,286.79,3,2,2,322,7,Potential Loyalists,2
13761,51,2,1070.65,3,2,4,324,9,Potential Loyalists,3
13762,219,1,306.72,1,1,2,112,4,Lost Customers,1
13763,64,1,1714.96,3,1,4,314,8,Potential Loyalists,3
13764,71,3,1519.42,3,3,4,334,10,Loyal Customers,3
13767,3,37,17220.36,5,5,5,555,15,Champions,0
13769,3,10,2796.51,5,5,5,555,15,Champions,0
13771,65,4,2634.45,3,4,5,345,12,Loyal Customers,3
13772,34,3,1122.63,3,3,4,334,10,Loyal Customers,3
13774,82,1,345.0,2,1,2,212,5,Lost Customers,1
13777,1,33,25977.16,5,5,5,555,15,Champions,0
13778,104,1,178.7,2,1,1,211,4,Lost Customers,1
13780,8,2,360.01,5,2,2,522,9,New Customers,2
13781,251,1,127.84,1,1,1,111,3,Lost Customers,1
13782,13,6,908.86,5,5,3,553,13,Loyal Customers,3
13784,10,11,2462.79,5,5,5,555,15,Champions,0
13786,368,1,230.39999999999998,1,1,1,111,3,Lost Customers,1
13787,76,2,309.04,2,2,2,222,6,Lost Customers,1
13790,5,1,348.8,5,1,2,512,8,New Customers,2
13791,128,2,1516.0,2,2,4,224,8,Hibernating,3
13792,67,2,195.55,3,2,1,321,6,Potential Loyalists,2
13798,2,57,37153.85,5,5,5,555,15,Champions,0
13799,117,2,688.86,2,2,3,223,7,Hibernating,1
13800,310,1,558.32,1,1,3,113,5,About To Sleep,1
13801,67,1,324.8,3,1,2,312,6,Potential Loyalists,2
13802,139,3,4599.42,2,3,5,235,10,At Risk,3
13803,256,1,277.07,1,1,2,112,4,Lost Customers,1
13804,31,7,2588.39,4,5,5,455,14,Champions,3
13805,53,2,924.6,3,2,3,323,8,Potential Loyalists,3
13806,64,1,256.38,3,1,2,312,6,Potential Loyalists,2
13807,368,1,112.6,1,1,1,111,3,Lost Customers,1
13808,6,5,1747.66,5,4,4,544,13,Champions,0
13809,306,1,155.05,1,1,1,111,3,Lost Customers,1
13810,29,3,1499.01,4,3,4,434,11,Loyal Customers,3
13811,184,3,814.5,1,3,3,133,7,About To Sleep,1
13812,43,3,539.0,3,3,3,333,9,Loyal Customers,3
13813,40,4,1366.8600000000001,3,4,4,344,11,Loyal Customers,3
13814,93,2,1579.12,2,2,4,224,8,Hibernating,3
13815,23,4,4027.36,4,4,5,445,13,Champions,3
13816,24,2,571.6700000000001,4,2,3,423,9,New Customers,2
13817,30,2,382.98,4,2,2,422,8,New Customers,2
13819,302,3,1140.35,1,3,4,134,8,About To Sleep,1
13821,145,2,385.64,2,2,2,222,6,Lost Customers,1
13822,6,2,632.0,5,2,3,523,10,New Customers,2
13823,19,2,957.66,4,2,4,424,10,New Customers,3
13824,33,5,1698.94,4,4,4,444,12,Champions,3
13826,177,1,189.5,2,1,1,211,4,Lost Customers,1
13827,58,3,409.8,3,3,2,332,8,Loyal Customers,3
13828,23,1,209.49,4,1,1,411,6,New Customers,2
13831,17,6,2198.45,4,5,5,455,14,Champions,3
13832,20,1,52.199999999999996,4,1,1,411,6,New Customers,2
13833,160,1,383.85,2,1,2,212,5,Lost Customers,1
13835,26,4,834.57,4,4,3,443,11,Loyal Customers,3
13837,212,2,266.59000000000003,1,2,2,122,5,Lost Customers,1
13838,6,4,674.82,5,4,3,543,12,Loyal Customers,3
13841,253,1,85.0,1,1,1,111,3,Lost Customers,1
13842,59,9,3385.62,3,5,5,355,13,Loyal Customers,3
13844,12,1,361.62,5,1,2,512,8,New Customers,2
13845,65,1,312.98,3,1,2,312,6,Potential Loyalists,2
13846,25,3,865.0600000000001,4,3,3,433,10,Loyal Customers,3
13848,93,3,1255.0,2,3,4,234,9,At Risk,3
13849,52,2,1537.95,3,2,4,324,9,Potential Loyalists,3
13850,130,1,1595.48,2,1,4,214,7,About To Sleep,1
13851,96,3,2651.46,2,3,5,235,10,At Risk,3
13853,58,1,1090.14,3,1,4,314,8,Potential Loyalists,2
13854,9,25,8109.5199999999995,5,5,5,555,15,Champions,0
13856,169,3,388.5,2,3,2,232,7,At Risk,1
13858,58,1,216.17,3,1,1,311,5,Potential Loyalists,2
13859,327,1,201.16,1,1,1,111,3,Lost Customers,1
13860,2,5,1245.9,5,4,4,544,13,Champions,0
13862,19,8,2209.36,4,5,5,455,14,Champions,0
13863,248,1,305.78,1,1,2,112,4,Lost Customers,1
13865,59,4,501.56,3,4,3,343,10,Loyal Customers,3
13866,75,1,145.67000000000002,2,1,1,211,4,Lost Customers,1
13867,32,3,1005.09,4,3,4,434,11,Loyal Customers,3
13868,8,2,3192.54,5,2,5,525,12,New Customers,3
13869,124,4,3083.65,2,4,5,245,11,At Risk,3
13870,3,8,2770.94,5,5,5,555,15,Champions,0
13871,23,13,6403.25,4,5,5,455,14,Champions,0
13873,120,3,389.6,2,3,2,232,7,At Risk,1
13874,359,1,540.45,1,1,3,113,5,About To Sleep,1
13875,54,5,1786.79,3,4,4,344,11,Loyal Customers,3
13876,64,1,122.7,3,1,1,311,5,Potential Loyalists,2
13877,87,1,117.24,2,1,1,211,4,Lost Customers,1
13878,55,1,1271.57,3,1,4,314,8,Potential Loyalists,3
13880,22,13,3219.77,4,5,5,455,14,Champions,0
13881,4,20,17159.52,5,5,5,555,15,Champions,0
13882,3,5,1191.13,5,4,4,544,13,Champions,0
13883,11,5,2674.48,5,4,5,545,14,Champions,0
13884,8,5,787.6,5,4,3,543,12,Loyal Customers,3
13885,190,2,506.8,1,2,3,123,6,About To Sleep,1
13886,72,1,243.56,3,1,1,311,5,Potential Loyalists,2
13887,205,1,349.55,1,1,2,112,4,Lost Customers,1
13888,120,2,595.67,2,2,3,223,7,Hibernating,1
13889,93,1,416.90000000000003,2,1,2,212,5,Lost Customers,1
13890,2,10,1883.8100000000002,5,5,4,554,14,Champions,0
13892,27,4,632.97,4,4,3,443,11,Loyal Customers,3
13893,298,1,821.1,1,1,3,113,5,About To Sleep,1
13894,24,3,564.62,4,3,3,433,10,Loyal Customers,3
13895,29,4,2593.07,4,4,5,445,13,Champions,3
13897,51,1,311.16,3,1,2,312,6,Potential Loyalists,2
13898,326,1,155.93,1,1,1,111,3,Lost Customers,1
13899,17,2,388.52,4,2,2,422,8,New Customers,2
13900,184,3,740.95,1,3,3,133,7,About To Sleep,1
13901,73,5,2867.2,2,4,5,245,11,At Risk,3
13904,38,2,332.64,3,2,2,322,7,Potential Loyalists,2
13908,80,4,2369.55,2,4,5,245,11,At Risk,3
13911,58,9,2580.91,3,5,5,355,13,Loyal Customers,3
13914,12,2,626.45,5,2,3,523,10,New Customers,2
13917,50,2,272.04,3,2,2,322,7,Potential Loyalists,2
13918,50,2,1212.8400000000001,3,2,4,324,9,Potential Loyalists,3
13919,60,2,384.81,3,2,2,322,7,Potential Loyalists,2
13922,352,1,172.25,1,1,1,111,3,Lost Customers,1
13923,54,1,351.13,3,1,2,312,6,Potential Loyalists,2
13924,2,6,1838.8500000000001,5,5,4,554,14,Champions,0
13925,93,4,678.25,2,4,3,243,9,At Risk,3
13926,24,1,223.85000000000002,4,1,1,411,6,New Customers,2
13927,75,1,348.99,2,1,2,212,5,Lost Customers,1
13928,11,4,464.57,5,4,2,542,11,Loyal Customers,3
13929,170,2,842.65,2,2,3,223,7,Hibernating,1
13930,58,2,337.34,3,2,2,322,7,Potential Loyalists,2
13931,96,2,1237.53,2,2,4,224,8,Hibernating,3
13932,295,1,307.4,1,1,2,112,4,Lost Customers,1
13933,110,2,608.7900000000001,2,2,3,223,7,Hibernating,1
13934,264,1,922.1,1,1,3,113,5,About To Sleep,1
13936,180,1,376.58,2,1,2,212,5,Lost Customers,1
13937,170,1,158.85,2,1,1,211,4,Lost Customers,1
13938,36,1,71.66,3,1,1,311,5,Potential Loyalists,2
13939,24,3,568.55,4,3,3,433,10,Loyal Customers,3
13940,18,4,839.14,4,4,3,443,11,Loyal Customers,3
13941,22,5,5112.96,4,4,5,445,13,Champions,0
13946,80,3,561.5699999999999,2,3,3,233,8,At Risk,3
13947,66,1,90.6,3,1,1,311,5,Potential Loyalists,2
13948,361,1,102.0,1,1,1,111,3,Lost Customers,1
13949,3,6,2427.32,5,5,5,555,15,Champions,0
13950,12,4,745.06,5,4,3,543,12,Loyal Customers,3
13951,177,3,674.45,2,3,3,233,8,At Risk,1
13952,218,2,3251.071,1,2,5,125,8,About To Sleep,3
13953,8,7,3515.68,5,5,5,555,15,Champions,0
13954,2,2,439.92,5,3,2,532,10,Loyal Customers,2
13955,155,2,322.96,2,3,2,232,7,At Risk,1
13956,6,5,1019.27,5,4,4,544,13,Champions,3
13959,80,3,594.04,2,3,3,233,8,At Risk,3
13960,22,2,230.22,4,3,1,431,8,Loyal Customers,2
13962,22,2,169.55,4,3,1,431,8,Loyal Customers,2
13963,309,4,664.54,1,4,3,143,8,Cannot Lose Them,1
13967,146,1,80.7,2,1,1,211,4,Lost Customers,1
13969,8,18,9024.17,5,5,5,555,15,Champions,0
13971,19,8,2758.26,4,5,5,455,14,Champions,0
13972,71,2,190.25,3,3,1,331,7,Loyal Customers,2
13973,288,1,264.7,1,1,2,112,4,Lost Customers,1
13974,50,1,413.59000000000003,3,1,2,312,6,Potential Loyalists,2
13975,32,6,2461.2400000000002,4,5,5,455,14,Champions,3
13976,207,1,357.98,1,1,2,112,4,Lost Customers,1
13978,15,2,196.79000000000002,4,3,1,431,8,Loyal Customers,2
13979,74,1,869.87,2,1,3,213,6,About To Sleep,1
13980,61,1,200.14,3,1,1,311,5,Potential Loyalists,2
13982,40,4,1871.81,3,4,4,344,11,Loyal Customers,3
13983,30,12,2603.43,4,5,5,455,14,Champions,0
13984,27,5,920.51,4,4,3,443,11,Loyal Customers,3
13985,5,15,7060.13,5,5,5,555,15,Champions,0
13986,18,1,320.46,4,1,2,412,7,New Customers,2
13988,20,6,4147.96,4,5,5,455,14,Champions,0
13989,66,2,1266.08,3,3,4,334,10,Loyal Customers,3
13990,214,1,311.3,1,1,2,112,4,Lost Customers,1
13991,13,6,852.88,5,5,3,553,13,Loyal Customers,3
13992,31,1,76.8,4,1,1,411,6,New Customers,2
13993,43,9,3466.36,3,5,5,355,13,Loyal Customers,0
13994,4,6,2274.14,5,5,5,555,15,Champions,0
13995,16,5,1393.69,4,4,4,444,12,Champions,3
13999,11,12,3901.81,5,5,5,555,15,Champions,0
14000,212,1,635.66,1,1,3,113,5,About To Sleep,1
14001,46,3,2043.0800000000002,3,3,4,334,10,Loyal Customers,3
14002,135,2,529.73,2,3,3,233,8,At Risk,1
14004,44,7,4582.64,3,5,5,355,13,Loyal Customers,3
14005,10,5,2874.72,5,4,5,545,14,Champions,0
14006,116,3,962.19,2,3,4,234,9,At Risk,3
14009,199,2,695.61,1,3,3,133,7,About To Sleep,1
14012,278,1,328.8,1,1,2,112,4,Lost Customers,1
14013,111,3,473.02,2,3,2,232,7,At Risk,1
14014,78,1,505.18,2,1,3,213,6,About To Sleep,1
14015,53,1,917.34,3,1,3,313,7,Potential Loyalists,2
14016,162,4,4341.21,2,4,5,245,11,At Risk,3
14019,47,3,1421.61,3,3,4,334,10,Loyal Customers,3
14020,17,2,642.8,4,3,3,433,10,Loyal Customers,2
14021,156,3,631.9,2,3,3,233,8,At Risk,1
14022,226,1,440.0,1,1,2,112,4,Lost Customers,1
14023,8,2,584.07,5,3,3,533,11,Loyal Customers,2
14024,122,2,327.7,2,3,2,232,7,At Risk,1
14027,61,1,104.82,3,1,1,311,5,Potential Loyalists,2
14029,64,2,467.66,3,3,2,332,8,Loyal Customers,2
14030,19,8,2358.84,4,5,5,455,14,Champions,0
14031,8,19,17286.86,5,5,5,555,15,Champions,0
14032,3,11,2975.59,5,5,5,555,15,Champions,0
14034,23,3,648.89,4,3,3,433,10,Loyal Customers,3
14035,29,5,1428.02,4,4,4,444,12,Champions,3
14036,285,1,626.65,1,1,3,113,5,About To Sleep,1
14037,177,2,147.20000000000002,2,3,1,231,6,At Risk,1
14038,79,3,1560.38,2,3,4,234,9,At Risk,3
14039,34,1,152.2,3,1,1,311,5,Potential Loyalists,2
14040,41,12,3560.32,3,5,5,355,13,Loyal Customers,0
14041,267,1,141.41,1,1,1,111,3,Lost Customers,1
14044,27,4,646.42,4,4,3,443,11,Loyal Customers,3
14045,110,4,1659.75,2,4,4,244,10,At Risk,3
14046,285,1,154.99,1,1,1,111,3,Lost Customers,1
14047,9,5,1308.6100000000001,5,4,4,544,13,Champions,3
14048,306,1,409.93,1,1,2,112,4,Lost Customers,1
14049,17,4,5578.72,4,4,5,445,13,Champions,3
14050,32,2,746.36,4,3,3,433,10,Loyal Customers,3
14051,1,23,15610.390000000001,5,5,5,555,15,Champions,0
14052,20,1,225.36,4,1,1,411,6,New Customers,2
14053,125,2,260.25,2,3,2,232,7,At Risk,1
14054,66,1,92.46,3,1,1,311,5,Potential Loyalists,2
14055,107,1,725.6400000000001,2,1,3,213,6,About To Sleep,1
14056,2,23,8152.71,5,5,5,555,15,Champions,0
14057,24,17,6211.66,4,5,5,455,14,Champions,0
14059,267,1,183.6,1,1,1,111,3,Lost Customers,1
14060,5,19,6140.42,5,5,5,555,15,Champions,0
14062,10,12,10464.85,5,5,5,555,15,Champions,0
14064,30,5,1334.34,4,4,4,444,12,Champions,3
14066,267,1,152.55,1,1,1,111,3,Lost Customers,1
14067,64,2,374.7,3,3,2,332,8,Loyal Customers,2
14068,321,1,265.85,1,1,2,112,4,Lost Customers,1
14071,4,8,1437.57,5,5,4,554,14,Champions,0
14073,33,1,151.04,4,1,1,411,6,New Customers,2
14075,5,3,942.26,5,3,4,534,12,Loyal Customers,3
14076,130,1,118.67,2,1,1,211,4,Lost Customers,1
14077,41,5,499.41999999999996,3,4,3,343,10,Loyal Customers,3
14078,102,6,1049.37,2,5,4,254,11,At Risk,3
14079,125,1,375.1,2,1,2,212,5,Lost Customers,1
14080,33,1,45.599999999999994,4,1,1,411,6,New Customers,2
14081,303,2,921.62,1,3,3,133,7,About To Sleep,1
14082,365,1,182.25,1,1,1,111,3,Lost Customers,1
14083,5,9,1002.9,5,5,4,554,14,Champions,0
14085,3,18,4421.29,5,5,5,555,15,Champions,0
14087,3,1,191.47,5,1,1,511,7,New Customers,2
14088,11,13,50491.81,5,5,5,555,15,Champions,0
14089,57,1,158.75,3,1,1,311,5,Potential Loyalists,2
14090,325,1,76.32000000000001,1,1,1,111,3,Lost Customers,1
14092,8,14,4076.91,5,5,5,555,15,Champions,0
14093,13,1,433.86,5,1,2,512,8,New Customers,2
14096,5,17,65164.79,5,5,5,555,15,Champions,0
14098,37,1,147.35,3,1,1,311,5,Potential Loyalists,2
14099,17,11,3104.17,4,5,5,455,14,Champions,0
14100,138,1,191.95000000000002,2,1,1,211,4,Lost Customers,1
14101,74,6,5976.79,2,5,5,255,12,At Risk,3
14102,6,5,1105.8799999999999,5,4,4,544,13,Champions,3
14104,155,2,216.20999999999998,2,3,1,231,6,At Risk,1
14105,240,1,1266.23,1,1,4,114,6,About To Sleep,1
14107,52,7,2703.23,3,5,5,355,13,Loyal Customers,3
14108,31,2,597.91,4,3,3,433,10,Loyal Customers,2
14109,73,1,144.2,2,1,1,211,4,Lost Customers,2
14110,4,12,5683.15,5,5,5,555,15,Champions,0
14111,15,4,692.85,4,4,3,443,11,Loyal Customers,3
14112,23,7,2915.15,4,5,5,455,14,Champions,0
14113,4,4,1840.42,5,4,4,544,13,Champions,0
14114,274,2,386.53,1,3,2,132,6,About To Sleep,1
14116,20,5,1382.74,4,4,4,444,12,Champions,3
14117,144,1,90.0,2,1,1,211,4,Lost Customers,1
14121,4,4,2780.15,5,4,5,545,14,Champions,0
14124,85,1,419.58000000000004,2,1,2,212,5,Lost Customers,1
14125,11,3,2720.63,5,3,5,535,13,Loyal Customers,3
14126,8,3,706.1300000000001,5,3,3,533,11,Loyal Customers,3
14127,123,3,709.71,2,3,3,233,8,At Risk,3
14128,61,2,637.5,3,3,3,333,9,Loyal Customers,3
14129,2,5,1123.8600000000001,5,4,4,544,13,Champions,0
14130,320,1,480.91,1,1,2,112,4,Lost Customers,1
14132,3,11,3586.0299999999997,5,5,5,555,15,Champions,0
14133,130,3,605.64,2,3,3,233,8,At Risk,1
14135,2,15,4690.31,5,5,5,555,15,Champions,0
14138,2,2,965.8800000000001,5,3,4,534,12,Loyal Customers,2
14139,47,1,415.82,3,1,2,312,6,Potential Loyalists,2
14140,4,2,935.05,5,3,4,534,12,Loyal Customers,2
14141,3,4,915.13,5,4,3,543,12,Loyal Customers,3
14142,374,1,311.81,1,1,2,112,4,Lost Customers,1
14143,134,1,115.8,2,1,1,211,4,Lost Customers,1
14145,47,4,3742.2,3,4,5,345,12,Loyal Customers,3
14146,9,5,4191.0,5,4,5,545,14,Champions,0
14147,79,2,483.4,2,3,2,232,7,At Risk,1
14148,234,1,157.2,1,1,1,111,3,Lost Customers,1
14149,221,1,446.62,1,1,2,112,4,Lost Customers,1
14150,36,2,658.64,3,3,3,333,9,Loyal Customers,2
14152,76,2,621.29,2,3,3,233,8,At Risk,3
14154,240,2,1345.62,1,3,4,134,8,About To Sleep,1
14155,267,1,118.75,1,1,1,111,3,Lost Customers,1
14156,10,55,117210.08,5,5,5,555,15,Champions,0
14157,20,2,424.89000000000004,4,3,2,432,9,Loyal Customers,2
14158,41,1,507.66,3,1,3,313,7,Potential Loyalists,2
14159,20,11,4630.35,4,5,5,455,14,Champions,0
14161,216,3,1097.6200000000001,1,3,4,134,8,About To Sleep,3
14162,174,2,289.36,2,3,2,232,7,At Risk,1
14163,88,4,2445.91,2,4,5,245,11,At Risk,3
14164,71,2,1631.77,3,3,4,334,10,Loyal Customers,3
14165,276,1,120.44,1,1,1,111,3,Lost Customers,1
14167,40,4,562.59,3,4,3,343,10,Loyal Customers,3
14171,99,1,363.79,2,1,2,212,5,Lost Customers,1
14173,11,4,450.84,5,4,2,542,11,Loyal Customers,3
14174,34,1,134.46,3,1,1,311,5,Potential Loyalists,2
14175,60,3,3222.3,3,3,5,335,11,Loyal Customers,3
14176,298,4,576.9000000000001,1,4,3,143,8,Cannot Lose Them,1
14177,87,4,549.46,2,4,3,243,9,At Risk,3
14178,9,7,1600.26,5,5,4,554,14,Champions,0
14179,41,2,701.57,3,3,3,333,9,Loyal Customers,3
14180,11,25,4748.52,5,5,5,555,15,Champions,0
14184,67,1,452.89,3,1,2,312,6,Potential Loyalists,2
14185,332,1,197.65,1,1,1,111,3,Lost Customers,1
14188,31,6,2054.36,4,5,4,454,13,Champions,3
14189,3,15,4654.08,5,5,5,555,15,Champions,0
14191,2,13,4684.76,5,5,5,555,15,Champions,0
14193,68,2,853.39,3,3,3,333,9,Loyal Customers,3
14194,5,21,11349.52,5,5,5,555,15,Champions,0
14195,202,2,1012.0,1,3,4,134,8,About To Sleep,1
14196,107,1,335.52,2,1,2,212,5,Lost Customers,1
14198,19,4,701.4,4,4,3,443,11,Loyal Customers,3
14199,219,1,185.39999999999998,1,1,1,111,3,Lost Customers,1
14201,61,7,747.44,3,5,3,353,11,Loyal Customers,3
14204,3,1,150.61,5,1,1,511,7,New Customers,2
14205,17,2,466.7,4,3,2,432,9,Loyal Customers,2
14206,240,1,328.15999999999997,1,1,2,112,4,Lost Customers,1
14208,95,1,151.74,2,1,1,211,4,Lost Customers,1
14209,11,6,2073.43,5,5,5,555,15,Champions,0
14210,106,6,1905.8400000000001,2,5,4,254,11,At Risk,3
14211,54,9,2241.1,3,5,5,355,13,Loyal Customers,3
14212,90,1,1070.48,2,1,4,214,7,About To Sleep,1
14214,31,5,1004.38,4,4,4,444,12,Champions,3
14215,12,6,1789.72,5,5,4,554,14,Champions,0
14216,4,4,1839.3,5,4,4,544,13,Champions,0
14217,2,17,2004.98,5,5,4,554,14,Champions,0
14218,43,1,169.48000000000002,3,1,1,311,5,Potential Loyalists,2
14219,5,1,89.94,5,1,1,511,7,New Customers,2
14220,248,2,632.4,1,3,3,133,7,About To Sleep,1
14221,43,9,3432.8,3,5,5,355,13,Loyal Customers,0
14222,178,1,683.17,2,1,3,213,6,About To Sleep,1
14223,93,3,991.13,2,3,4,234,9,At Risk,3
14224,111,4,1009.73,2,4,4,244,10,At Risk,3
14226,29,5,2214.79,4,4,5,445,13,Champions,3
14227,27,10,3350.96,4,5,5,455,14,Champions,0
14229,52,3,1547.2,3,3,4,334,10,Loyal Customers,3
14231,184,3,925.71,1,3,3,133,7,About To Sleep,3
14232,43,5,2048.07,3,4,4,344,11,Loyal Customers,3
14233,50,4,1462.72,3,4,4,344,11,Loyal Customers,3
14234,23,4,754.12,4,4,3,443,11,Loyal Customers,3
14235,76,5,3144.86,2,4,5,245,11,At Risk,3
14236,81,2,490.86,2,3,3,233,8,At Risk,1
14237,374,1,161.0,1,1,1,111,3,Lost Customers,1
14238,327,1,146.85,1,1,1,111,3,Lost Customers,1
14239,44,11,2380.85,3,5,5,355,13,Loyal Customers,0
14240,31,2,890.34,4,3,3,433,10,Loyal Customers,3
14241,184,1,213.70000000000002,1,1,1,111,3,Lost Customers,1
14242,235,2,280.55,1,3,2,132,6,About To Sleep,1
14243,9,10,2588.77,5,5,5,555,15,Champions,0
14245,220,2,1693.45,1,3,4,134,8,About To Sleep,1
14246,111,3,1474.06,2,3,4,234,9,At Risk,3
14247,279,1,136.76999999999998,1,1,1,111,3,Lost Customers,1
14248,319,1,302.58,1,1,2,112,4,Lost Customers,1
14250,8,3,1904.05,5,3,4,534,12,Loyal Customers,3
14251,2,5,2879.7000000000003,5,4,5,545,14,Champions,0
14256,261,2,969.0600000000001,1,3,4,134,8,About To Sleep,1
14257,65,5,3099.7200000000003,3,4,5,345,12,Loyal Customers,3
14258,10,9,12669.98,5,5,5,555,15,Champions,0
14259,142,1,120.0,2,1,1,211,4,Lost Customers,1
14261,51,2,1163.45,3,3,4,334,10,Loyal Customers,3
14262,9,8,2618.23,5,5,5,555,15,Champions,0
14264,155,2,333.97,2,3,2,232,7,At Risk,1
14265,110,2,530.18,2,3,3,233,8,At Risk,1
14267,163,3,1516.24,2,3,4,234,9,At Risk,3
14270,332,1,492.65000000000003,1,1,3,113,5,About To Sleep,1
14271,226,1,112.32,1,1,1,111,3,Lost Customers,1
14272,74,2,437.96,2,3,2,232,7,At Risk,1
14273,52,4,559.97,3,4,3,343,10,Loyal Customers,3
14276,99,3,1119.74,2,3,4,234,9,At Risk,3
14277,16,3,4188.0,4,3,5,435,12,Loyal Customers,3
14280,197,1,134.04,1,1,1,111,3,Lost Customers,1
14282,4,15,3701.44,5,5,5,555,15,Champions,0
14284,31,2,595.25,4,3,3,433,10,Loyal Customers,2
14285,22,4,1910.01,4,4,4,444,12,Champions,3
14286,24,3,4628.75,4,3,5,435,12,Loyal Customers,3
14287,9,3,176.63,5,3,1,531,9,Loyal Customers,2
14288,214,1,426.6,1,1,2,112,4,Lost Customers,1
14289,9,6,911.26,5,5,3,553,13,Loyal Customers,3
14290,12,5,2314.65,5,4,5,545,14,Champions,3
14291,2,11,3883.25,5,5,5,555,15,Champions,0
14292,8,9,4871.93,5,5,5,555,15,Champions,0
14293,4,4,1046.56,5,4,4,544,13,Champions,3
14295,41,1,166.20000000000002,3,1,1,311,5,Potential Loyalists,2
14297,18,4,1305.33,4,4,4,444,12,Champions,3
14298,9,44,51527.3,5,5,5,555,15,Champions,0
14299,9,9,3965.62,5,5,5,555,15,Champions,0
14300,19,1,43.2,4,1,1,411,6,New Customers,2
14301,118,1,640.14,2,1,3,213,6,About To Sleep,1
14304,223,1,383.45,1,1,2,112,4,Lost Customers,1
14305,72,3,1858.96,3,3,4,334,10,Loyal Customers,3
14306,52,2,2093.32,3,3,5,335,11,Loyal Customers,3
14307,89,6,2995.72,2,5,5,255,12,At Risk,3
14309,9,9,2352.53,5,5,5,555,15,Champions,0
14311,243,1,310.26,1,1,2,112,4,Lost Customers,1
14312,47,6,1611.59,3,5,4,354,12,Loyal Customers,3
14314,107,1,120.0,2,1,1,211,4,Lost Customers,1
14315,45,6,2481.13,3,5,5,355,13,Loyal Customers,3
14317,65,1,508.58000000000004,3,1,3,313,7,Potential Loyalists,2
14320,207,2,477.79,1,3,2,132,6,About To Sleep,1
14321,11,5,1530.75,5,4,4,544,13,Champions,3
14323,115,2,605.0600000000001,2,3,3,233,8,At Risk,1
14326,243,1,183.85,1,1,1,111,3,Lost Customers,1
14327,164,1,311.65,2,1,2,212,5,Lost Customers,1
14329,18,7,4975.24,4,5,5,455,14,Champions,0
14331,125,2,462.65999999999997,2,3,2,232,7,At Risk,1
14332,23,3,840.21,4,3,3,433,10,Loyal Customers,3
14333,68,1,415.2,3,1,2,312,6,Potential Loyalists,2
14334,17,8,2552.21,4,5,5,455,14,Champions,0
14335,17,2,454.86,4,3,2,432,9,Loyal Customers,2
14336,17,4,1614.91,4,4,4,444,12,Champions,3
14338,162,2,588.22,2,3,3,233,8,At Risk,1
14339,243,1,309.52,1,1,2,112,4,Lost Customers,1
14340,219,1,134.7,1,1,1,111,3,Lost Customers,1
14341,46,8,2166.98,3,5,5,355,13,Loyal Customers,3
14342,22,4,668.5600000000001,4,4,3,443,11,Loyal Customers,3
14344,128,8,889.9300000000001,2,5,3,253,10,At Risk,3
14345,39,1,108.97999999999999,3,1,1,311,5,Potential Loyalists,2
14346,121,2,1021.58,2,3,4,234,9,At Risk,3
14348,261,1,409.57,1,1,2,112,4,Lost Customers,1
14349,11,1,133.5,5,1,1,511,7,New Customers,2
14350,275,1,282.93,1,1,2,112,4,Lost Customers,1
14351,165,1,51.0,2,1,1,211,4,Lost Customers,1
14352,158,4,1078.96,2,4,4,244,10,At Risk,3
14353,216,1,90.6,1,1,1,111,3,Lost Customers,1
14354,6,2,163.62,5,3,1,531,9,Loyal Customers,2
14355,366,1,174.4,1,1,1,111,3,Lost Customers,1
14356,80,2,701.23,2,3,3,233,8,At Risk,3
14357,44,1,225.12,3,1,1,311,5,Potential Loyalists,2
14359,20,3,912.18,4,3,3,433,10,Loyal Customers,3
14360,32,4,2118.03,4,4,5,445,13,Champions,3
14362,23,1,151.5,4,1,1,411,6,New Customers,2
14364,109,8,3717.35,2,5,5,255,12,At Risk,3
14367,9,16,9227.82,5,5,5,555,15,Champions,0
14368,320,1,155.0,1,1,1,111,3,Lost Customers,1
14371,296,1,100.5,1,1,1,111,3,Lost Customers,1
14373,359,1,76.55,1,1,1,111,3,Lost Customers,1
14375,186,1,235.56,1,1,1,111,3,Lost Customers,1
14377,192,2,617.05,1,3,3,133,7,About To Sleep,1
14379,45,2,348.1,3,3,2,332,8,Loyal Customers,2
14381,53,1,202.68,3,1,1,311,5,Potential Loyalists,2
14382,27,1,615.49,4,1,3,413,8,New Customers,2
14383,39,3,1247.69,3,3,4,334,10,Loyal Customers,3
14385,10,3,202.11,5,3,1,531,9,Loyal Customers,2
14386,297,1,142.4,1,1,1,111,3,Lost Customers,1
14387,33,3,1727.6,4,3,4,434,11,Loyal Customers,3
14388,11,8,3212.84,5,5,5,555,15,Champions,0
14389,66,2,1043.46,3,3,4,334,10,Loyal Customers,3
14390,11,9,4642.57,5,5,5,555,15,Champions,0
14393,219,1,67.95,1,1,1,111,3,Lost Customers,1
14395,3,9,3479.91,5,5,5,555,15,Champions,0
14396,66,2,487.99,3,3,3,333,9,Loyal Customers,2
14397,3,19,2612.96,5,5,5,555,15,Champions,0
14400,150,1,574.7,2,1,3,213,6,About To Sleep,1
14401,5,13,4051.48,5,5,5,555,15,Champions,0
14403,131,4,1475.81,2,4,4,244,10,At Risk,3
14404,34,6,1449.32,3,5,4,354,12,Loyal Customers,3
14406,120,1,156.75,2,1,1,211,4,Lost Customers,1
14407,108,6,2157.73,2,5,5,255,12,At Risk,3
14408,11,7,2599.03,5,5,5,555,15,Champions,0
14409,72,6,2059.4500000000003,3,5,5,355,13,Loyal Customers,3
14410,93,9,1100.27,2,5,4,254,11,At Risk,3
14411,311,1,1063.0,1,1,4,114,6,About To Sleep,1
14412,43,2,770.03,3,3,3,333,9,Loyal Customers,3
14413,363,1,121.05,1,1,1,111,3,Lost Customers,1
14414,92,7,1496.98,2,5,4,254,11,At Risk,3
14415,2,13,5855.57,5,5,5,555,15,Champions,0
14416,23,2,490.22,4,3,3,433,10,Loyal Customers,2
14418,4,3,1937.25,5,3,4,534,12,Loyal Customers,3
14419,11,6,1051.79,5,5,4,554,14,Champions,3
14420,100,1,387.52,2,1,2,212,5,Lost Customers,1
14421,58,2,813.11,3,3,3,333,9,Loyal Customers,3
14422,1,6,4263.64,5,5,5,555,15,Champions,0
14423,219,1,265.2,1,1,2,112,4,Lost Customers,1
14424,18,1,322.08,4,1,2,412,7,New Customers,2
14426,24,10,4481.67,4,5,5,455,14,Champions,0
14427,51,2,363.34000000000003,3,3,2,332,8,Loyal Customers,2
14428,8,5,1224.06,5,4,4,544,13,Champions,3
14431,303,1,470.36,1,1,2,112,4,Lost Customers,1
14432,10,6,2248.5,5,5,5,555,15,Champions,0
14434,22,6,1372.8,4,5,4,454,13,Champions,3
14436,99,1,89.06,2,1,1,211,4,Lost Customers,1
14437,366,1,63.0,1,1,1,111,3,Lost Customers,1
14438,307,1,131.9,1,1,1,111,3,Lost Customers,1
14439,320,1,2661.24,1,1,5,115,7,About To Sleep,1
14440,9,5,2357.6800000000003,5,4,5,545,14,Champions,0
14441,1,4,1712.89,5,4,4,544,13,Champions,0
14442,205,2,1589.82,1,3,4,134,8,About To Sleep,1
14443,54,4,1420.2,3,4,4,344,11,Loyal Customers,3
14446,1,4,1010.35,5,4,4,544,13,Champions,0
14447,19,5,1163.23,4,4,4,444,12,Champions,3
14448,10,2,375.35,5,3,2,532,10,Loyal Customers,2
14449,19,4,885.8,4,4,3,443,11,Loyal Customers,3
14450,181,3,483.25,1,3,2,132,6,About To Sleep,1
14451,61,2,643.9,3,3,3,333,9,Loyal Customers,3
14452,11,2,259.05,5,3,2,532,10,Loyal Customers,2
14453,191,1,119.93,1,1,1,111,3,Lost Customers,1
14456,6,9,3017.28,5,5,5,555,15,Champions,0
14457,311,1,113.64,1,1,1,111,3,Lost Customers,1
14459,156,1,1837.92,2,1,4,214,7,About To Sleep,1
14460,111,3,434.34,2,3,2,232,7,At Risk,1
14461,149,3,2103.06,2,3,5,235,10,At Risk,3
14462,67,11,1980.57,3,5,4,354,12,Loyal Customers,3
14463,99,3,529.62,2,3,3,233,8,At Risk,3
14465,247,3,1038.44,1,3,4,134,8,About To Sleep,1
14466,30,7,2272.4,4,5,5,455,14,Champions,3
14467,18,4,596.26,4,4,3,443,11,Loyal Customers,3
14470,12,2,461.19,5,3,2,532,10,Loyal Customers,2
14472,104,8,1852.67,2,5,4,254,11,At Risk,3
14473,75,2,234.34000000000003,2,3,1,231,6,At Risk,1
14474,47,1,547.66,3,1,3,313,7,Potential Loyalists,2
14475,72,3,925.85,3,3,3,333,9,Loyal Customers,3
14476,258,1,193.0,1,1,1,111,3,Lost Customers,1
14477,20,4,1309.6,4,4,4,444,12,Champions,3
14479,254,2,316.25,1,3,2,132,6,About To Sleep,1
14480,12,1,279.05,5,1,2,512,8,New Customers,2
14481,165,2,636.51,2,3,3,233,8,At Risk,1
14482,19,6,2022.81,4,5,4,454,13,Champions,3
14483,282,1,137.1,1,1,1,111,3,Lost Customers,1
14484,51,1,321.92,3,1,2,312,6,Potential Loyalists,2
14485,39,1,162.8,3,1,1,311,5,Potential Loyalists,2
14487,27,6,1165.48,4,5,4,454,13,Champions,3
14488,68,1,1064.28,3,1,4,314,8,Potential Loyalists,2
14489,208,1,463.38,1,1,2,112,4,Lost Customers,1
14491,176,2,340.93,2,3,2,232,7,At Risk,1
14493,8,5,2383.2400000000002,5,4,5,545,14,Champions,0
14494,26,1,139.56,4,1,1,411,6,New Customers,2
14495,51,2,123.8,3,3,1,331,7,Loyal Customers,2
14496,312,2,538.8100000000001,1,3,3,133,7,About To Sleep,1
14497,310,1,475.37,1,1,2,112,4,Lost Customers,1
14498,43,5,1957.32,3,4,4,344,11,Loyal Customers,3
14499,27,3,808.44,4,3,3,433,10,Loyal Customers,3
14500,89,3,356.85,2,3,2,232,7,At Risk,1
14501,184,2,251.21,1,3,2,132,6,About To Sleep,1
14502,20,11,2429.83,4,5,5,455,14,Champions,0
14503,4,6,3543.26,5,5,5,555,15,Champions,0
14504,48,4,673.26,3,4,3,343,10,Loyal Customers,3
14505,18,8,5859.43,4,5,5,455,14,Champions,0
14506,18,5,1960.65,4,4,4,444,12,Champions,3
14507,24,6,1367.88,4,5,4,454,13,Champions,3
14508,23,2,268.05,4,3,2,432,9,Loyal Customers,2
14511,12,5,1314.81,5,4,4,544,13,Champions,3
14512,188,2,275.28,1,3,2,132,6,About To Sleep,1
14513,101,3,455.59000000000003,2,3,2,232,7,At Risk,1
14514,62,3,990.2,3,3,4,334,10,Loyal Customers,3
14515,18,6,2076.89,4,5,5,455,14,Champions,3
14517,34,2,330.45,3,3,2,332,8,Loyal Customers,2
14518,65,1,174.37,3,1,1,311,5,Potential Loyalists,2
14520,2,2,270.6,5,3,2,532,10,Loyal Customers,2
14522,25,4,974.54,4,4,4,444,12,Champions,3
14523,109,1,241.09,2,1,1,211,4,Lost Customers,1
14524,32,9,1843.83,4,5,4,454,13,Champions,3
14525,20,9,4215.9,4,5,5,455,14,Champions,0
14527,3,55,8507.13,5,5,5,555,15,Champions,0
14528,38,1,364.21999999999997,3,1,2,312,6,Potential Loyalists,2
14529,61,3,578.61,3,3,3,333,9,Loyal Customers,3
14530,26,6,2862.11,4,5,5,455,14,Champions,3
14532,237,4,932.85,1,4,3,143,8,Cannot Lose Them,3
14533,25,7,1949.72,4,5,4,454,13,Champions,3
14534,3,18,4397.3,5,5,5,555,15,Champions,0
14535,61,3,2854.84,3,3,5,335,11,Loyal Customers,3
14536,260,1,170.95,1,1,1,111,3,Lost Customers,1
14537,58,1,355.56,3,1,2,312,6,Potential Loyalists,2
14538,65,2,388.25,3,3,2,332,8,Loyal Customers,2
14539,16,2,537.48,4,3,3,433,10,Loyal Customers,2
14540,10,3,952.66,5,3,4,534,12,Loyal Customers,3
14541,59,8,1453.35,3,5,4,354,12,Loyal Customers,3
14542,186,1,103.25,1,1,1,111,3,Lost Customers,1
14543,29,16,3599.73,4,5,5,455,14,Champions,0
14544,25,2,2004.3,4,3,4,434,11,Loyal Customers,3
14546,6,5,2573.93,5,4,5,545,14,Champions,0
14547,4,8,3974.75,5,5,5,555,15,Champions,0
14548,151,2,652.8,2,3,3,233,8,At Risk,1
14549,312,1,289.24,1,1,2,112,4,Lost Customers,1
14550,11,2,757.37,5,3,3,533,11,Loyal Customers,2
14551,19,2,186.23,4,3,1,431,8,Loyal Customers,2
14552,152,1,164.22,2,1,1,211,4,Lost Customers,1
14553,20,5,859.27,4,4,3,443,11,Loyal Customers,3
14554,11,4,2279.4900000000002,5,4,5,545,14,Champions,3
14555,58,2,312.54,3,3,2,332,8,Loyal Customers,2
14557,86,1,788.38,2,1,3,213,6,About To Sleep,1
14560,8,22,2237.77,5,5,5,555,15,Champions,0
14561,76,3,1080.76,2,3,4,234,9,At Risk,3
14562,4,18,5006.77,5,5,5,555,15,Champions,0
14565,96,4,3099.12,2,4,5,245,11,At Risk,3
14566,111,1,1432.0,2,1,4,214,7,About To Sleep,1
14567,57,2,1530.3600000000001,3,3,4,334,10,Loyal Customers,3
14569,2,1,227.39,5,1,1,511,7,New Customers,2
14570,281,2,218.06,1,3,1,131,5,About To Sleep,1
14572,4,7,2804.54,5,5,5,555,15,Champions,0
14573,180,9,1639.82,2,5,4,254,11,At Risk,3
14576,373,1,35.400000000000006,1,1,1,111,3,Lost Customers,1
14577,13,4,859.71,5,4,3,543,12,Loyal Customers,3
14578,4,1,168.63,5,1,1,511,7,New Customers,2
14581,17,1,138.6,4,1,1,411,6,New Customers,2
14582,41,1,114.11,3,1,1,311,5,Potential Loyalists,2
14583,6,5,986.96,5,4,4,544,13,Champions,3
14584,170,4,1033.06,2,4,4,244,10,At Risk,3
14585,51,1,157.05,3,1,1,311,5,Potential Loyalists,2
14586,277,1,237.36,1,1,1,111,3,Lost Customers,1
14587,19,9,1580.29,4,5,4,454,13,Champions,0
14589,372,1,39.75,1,1,1,111,3,Lost Customers,1
14591,16,4,1320.21,4,4,4,444,12,Champions,3
14592,36,3,557.94,3,3,3,333,9,Loyal Customers,3
14593,22,3,617.15,4,3,3,433,10,Loyal Customers,3
14594,8,2,363.33,5,3,2,532,10,Loyal Customers,2
14595,20,6,1740.6,4,5,4,454,13,Champions,3
14597,12,2,866.24,5,3,3,533,11,Loyal Customers,2
14598,45,1,221.97,3,1,1,311,5,Potential Loyalists,2
14600,306,1,393.33000000000004,1,1,2,112,4,Lost Customers,1
14601,11,1,213.96,5,1,1,511,7,New Customers,2
14603,275,1,660.0,1,1,3,113,5,About To Sleep,1
14606,2,93,12076.15,5,5,5,555,15,Champions,0
14607,16,14,16209.5,4,5,5,455,14,Champions,0
14608,5,4,1785.15,5,4,4,544,13,Champions,0
14609,73,4,601.56,2,4,3,243,9,At Risk,3
14616,243,3,406.08000000000004,1,3,2,132,6,About To Sleep,1
14618,10,3,553.44,5,3,3,533,11,Loyal Customers,2
14619,246,1,394.44,1,1,2,112,4,Lost Customers,1
14620,206,2,412.78000000000003,1,3,2,132,6,About To Sleep,1
14621,2,5,1788.3600000000001,5,4,4,544,13,Champions,0
14622,185,1,320.58000000000004,1,1,2,112,4,Lost Customers,1
14623,33,5,886.7,4,4,3,443,11,Loyal Customers,3
14624,58,2,225.85,3,3,1,331,7,Loyal Customers,2
14625,197,2,899.63,1,3,3,133,7,About To Sleep,1
14626,24,4,2791.27,4,4,5,445,13,Champions,3
14628,92,2,671.96,2,3,3,233,8,At Risk,1
14629,5,2,955.26,5,3,4,534,12,Loyal Customers,2
14631,51,3,1006.98,3,3,4,334,10,Loyal Customers,3
14632,263,1,114.56,1,1,1,111,3,Lost Customers,1
14633,267,1,344.90000000000003,1,1,2,112,4,Lost Customers,1
14636,37,2,609.85,3,3,3,333,9,Loyal Customers,2
14638,51,1,443.6,3,1,2,312,6,Potential Loyalists,2
14639,53,6,2984.49,3,5,5,355,13,Loyal Customers,3
14640,25,6,2107.38,4,5,5,455,14,Champions,3
14641,22,1,110.46,4,1,1,411,6,New Customers,2
14642,59,1,96.12,3,1,1,311,5,Potential Loyalists,2
14643,171,2,693.8100000000001,2,3,3,233,8,At Risk,1
14644,68,2,830.76,3,3,3,333,9,Loyal Customers,3
14645,157,2,597.09,2,3,3,233,8,At Risk,1
14646,2,73,280206.02,5,5,5,555,15,Champions,0
14647,202,1,236.04000000000002,1,1,1,111,3,Lost Customers,1
14649,5,4,1402.59,5,4,4,544,13,Champions,3
14651,68,2,653.75,3,3,3,333,9,Loyal Customers,3
14652,78,1,114.18,2,1,1,211,4,Lost Customers,1
14653,2,7,1926.65,5,5,4,554,14,Champions,0
14655,9,4,1932.23,5,4,4,544,13,Champions,3
14656,170,2,291.05,2,3,2,232,7,At Risk,1
14657,18,4,848.22,4,4,3,443,11,Loyal Customers,3
14658,6,2,247.15,5,3,1,531,9,Loyal Customers,2
14659,9,9,2529.93,5,5,5,555,15,Champions,0
14660,87,2,285.74,2,3,2,232,7,At Risk,1
14661,27,1,107.95,4,1,1,411,6,New Customers,2
14662,29,4,741.37,4,4,3,443,11,Loyal Customers,3
14664,20,2,636.24,4,3,3,433,10,Loyal Customers,2
14665,61,5,1835.7,3,4,4,344,11,Loyal Customers,3
14666,25,1,195.25,4,1,1,411,6,New Customers,2
14667,11,25,9175.04,5,5,5,555,15,Champions,0
14669,242,3,1259.24,1,3,4,134,8,About To Sleep,3
14670,281,2,392.86,1,3,2,132,6,About To Sleep,1
14672,235,2,765.55,1,3,3,133,7,About To Sleep,1
14673,4,5,1736.4,5,4,4,544,13,Champions,0
14675,17,1,596.36,4,1,3,413,8,New Customers,2
14676,32,6,2548.2400000000002,4,5,5,455,14,Champions,3
14680,26,16,28754.11,4,5,5,455,14,Champions,0
14681,72,3,498.95,3,3,3,333,9,Loyal Customers,3
14682,188,2,52.0,1,3,1,131,5,About To Sleep,1
14684,26,5,1201.51,4,4,4,444,12,Champions,3
14687,107,1,628.38,2,1,3,213,6,About To Sleep,1
14688,8,21,5579.1,5,5,5,555,15,Champions,0
14689,209,1,112.8,1,1,1,111,3,Lost Customers,1
14690,45,2,355.05,3,3,2,332,8,Loyal Customers,2
14691,31,5,2114.33,4,4,5,445,13,Champions,3
14692,138,4,591.55,2,4,3,243,9,At Risk,3
14693,265,1,172.9,1,1,1,111,3,Lost Customers,1
14696,5,7,2078.95,5,5,5,555,15,Champions,0
14697,219,2,188.60999999999999,1,3,1,131,5,About To Sleep,1
14698,2,5,1217.27,5,4,4,544,13,Champions,0
14699,215,1,109.13000000000001,1,1,1,111,3,Lost Customers,1
14700,33,3,2195.1,4,3,5,435,12,Loyal Customers,3
14701,11,9,2526.09,5,5,5,555,15,Champions,0
14702,2,17,3251.79,5,5,5,555,15,Champions,0
14703,15,1,318.17,4,1,2,412,7,New Customers,2
14704,12,9,1493.96,5,5,4,554,14,Champions,0
14705,199,1,179.0,1,1,1,111,3,Lost Customers,1
14708,3,3,1126.37,5,3,4,534,12,Loyal Customers,3
14709,16,13,4921.04,4,5,5,455,14,Champions,0
14710,15,4,599.48,4,4,3,443,11,Loyal Customers,3
14711,11,11,2839.62,5,5,5,555,15,Champions,0
14712,30,3,917.07,4,3,3,433,10,Loyal Customers,3
14713,10,11,2662.2,5,5,5,555,15,Champions,0
14714,25,1,160.19,4,1,1,411,6,New Customers,2
14715,25,4,867.38,4,4,3,443,11,Loyal Customers,3
14716,44,2,307.51,3,3,2,332,8,Loyal Customers,2
14719,2,5,1581.84,5,4,4,544,13,Champions,0
14720,6,3,663.81,5,3,3,533,11,Loyal Customers,3
14722,148,1,180.42000000000002,2,1,1,211,4,Lost Customers,1
14723,11,6,1122.3600000000001,5,5,4,554,14,Champions,3
14725,25,1,655.58,4,1,3,413,8,New Customers,2
14727,275,1,268.58,1,1,2,112,4,Lost Customers,1
14729,374,1,313.49,1,1,2,112,4,Lost Customers,1
14730,2,8,1897.57,5,5,4,554,14,Champions,0
14731,48,3,380.02,3,3,2,332,8,Loyal Customers,2
14732,9,8,2702.4900000000002,5,5,5,555,15,Champions,0
14733,17,12,9585.91,4,5,5,455,14,Champions,0
14735,4,32,6065.69,5,5,5,555,15,Champions,0
14737,4,3,1164.55,5,3,4,534,12,Loyal Customers,3
14738,43,7,1314.45,3,5,4,354,12,Loyal Customers,3
14739,5,7,3902.28,5,5,5,555,15,Champions,0
14740,198,3,1448.21,1,3,4,134,8,About To Sleep,3
14741,12,6,1400.34,5,5,4,554,14,Champions,3
14744,17,7,1099.98,4,5,4,454,13,Champions,3
14745,113,5,1220.26,2,4,4,244,10,At Risk,3
14747,250,1,328.2,1,1,2,112,4,Lost Customers,1
14748,30,5,1415.75,4,4,4,444,12,Champions,3
14752,44,1,389.64,3,1,2,312,6,Potential Loyalists,2
14753,88,1,563.15,2,1,3,213,6,About To Sleep,1
14754,45,2,638.05,3,3,3,333,9,Loyal Customers,2
14755,10,11,5010.28,5,5,5,555,15,Champions,0
14756,16,1,738.96,4,1,3,413,8,New Customers,2
14757,76,1,420.5,2,1,2,212,5,Lost Customers,1
14758,145,4,1484.06,2,4,4,244,10,At Risk,3
14759,5,3,1625.97,5,3,4,534,12,Loyal Customers,3
14760,298,1,89.2,1,1,1,111,3,Lost Customers,1
14761,59,2,255.9,3,3,2,332,8,Loyal Customers,2
14762,264,1,300.52,1,1,2,112,4,Lost Customers,1
14764,47,1,278.3,3,1,2,312,6,Potential Loyalists,2
14765,30,3,254.11,4,3,2,432,9,Loyal Customers,2
14766,9,6,2473.37,5,5,5,555,15,Champions,0
14768,18,2,192.60000000000002,4,3,1,431,8,Loyal Customers,2
14769,3,8,10413.08,5,5,5,555,15,Champions,0
14770,233,2,876.42,1,3,3,133,7,About To Sleep,1
14772,113,1,139.26,2,1,1,211,4,Lost Customers,1
14775,59,3,1011.9,3,3,4,334,10,Loyal Customers,3
14776,52,11,2538.3,3,5,5,355,13,Loyal Customers,0
14778,128,2,730.86,2,3,3,233,8,At Risk,1
14779,281,3,386.15,1,3,2,132,6,About To Sleep,1
14780,55,2,447.68,3,3,2,332,8,Loyal Customers,2
14782,320,1,200.10000000000002,1,1,1,111,3,Lost Customers,1
14784,27,2,289.99,4,3,2,432,9,Loyal Customers,2
14785,11,2,77.4,5,3,1,531,9,Loyal Customers,2
14788,8,2,679.4399999999999,5,3,3,533,11,Loyal Customers,2
14789,29,1,197.64,4,1,1,411,6,New Customers,2
14790,17,4,745.06,4,4,3,443,11,Loyal Customers,3
14792,64,1,6.2,3,1,1,311,5,Potential Loyalists,2
14793,22,1,228.99,4,1,1,411,6,New Customers,2
14794,3,7,1319.91,5,5,4,554,14,Champions,0
14795,167,1,131.45000000000002,2,1,1,211,4,Lost Customers,1
14796,2,17,7975.49,5,5,5,555,15,Champions,0
14798,53,3,173.74,3,3,1,331,7,Loyal Customers,2
14799,52,1,157.7,3,1,1,311,5,Potential Loyalists,2
14800,48,12,4331.79,3,5,5,355,13,Loyal Customers,0
14801,62,1,189.34,3,1,1,311,5,Potential Loyalists,2
14803,163,3,845.55,2,3,3,233,8,At Risk,3
14804,9,1,353.27,5,1,2,512,8,New Customers,2
14805,16,4,546.4,4,4,3,443,11,Loyal Customers,3
14806,76,1,193.39000000000001,2,1,1,211,4,Lost Customers,1
14808,40,8,2718.6,3,5,5,355,13,Loyal Customers,3
14810,41,11,2085.33,3,5,5,355,13,Loyal Customers,0
14813,370,2,152.88,1,3,1,131,5,About To Sleep,1
14815,37,2,778.5,3,3,3,333,9,Loyal Customers,3
14816,198,1,271.85,1,1,2,112,4,Lost Customers,1
14817,201,2,1110.34,1,3,4,134,8,About To Sleep,1
14818,74,3,657.8,2,3,3,233,8,At Risk,3
14819,65,2,272.07,3,3,2,332,8,Loyal Customers,2
14820,22,4,507.29,4,4,3,443,11,Loyal Customers,3
14821,367,1,48.800000000000004,1,1,1,111,3,Lost Customers,1
14823,181,3,321.43,1,3,2,132,6,About To Sleep,1
14824,11,4,1127.71,5,4,4,544,13,Champions,3
14825,4,12,2221.01,5,5,5,555,15,Champions,0
14828,197,3,2139.76,1,3,5,135,9,About To Sleep,3
14829,30,4,697.55,4,4,3,443,11,Loyal Customers,3
14830,54,1,188.88,3,1,1,311,5,Potential Loyalists,2
14834,18,6,1720.3,4,5,4,454,13,Champions,3
14836,11,3,102.44999999999999,5,3,1,531,9,Loyal Customers,2
14837,90,4,1649.5,2,4,4,244,10,At Risk,3
14840,268,1,62.85,1,1,1,111,3,Lost Customers,1
14841,54,6,3295.76,3,5,5,355,13,Loyal Customers,3
14842,44,4,2824.69,3,4,5,345,12,Loyal Customers,3
14844,64,4,3189.81,3,4,5,345,12,Loyal Customers,3
14847,149,1,309.4,2,1,2,212,5,Lost Customers,1
14849,22,25,7930.54,4,5,5,455,14,Champions,0
14850,312,1,325.75,1,1,2,112,4,Lost Customers,1
14851,24,2,511.35,4,3,3,433,10,Loyal Customers,2
14852,59,6,2836.69,3,5,5,355,13,Loyal Customers,3
14853,25,2,475.8,4,3,2,432,9,Loyal Customers,2
14854,79,7,2740.03,2,5,5,255,12,At Risk,3
14855,120,2,645.65,2,3,3,233,8,At Risk,1
14856,37,3,1290.53,3,3,4,334,10,Loyal Customers,3
14857,60,2,1173.12,3,3,4,334,10,Loyal Customers,3
14859,13,4,1353.74,5,4,4,544,13,Champions,3
14860,20,1,170.32,4,1,1,411,6,New Customers,2
14861,53,1,125.79,3,1,1,311,5,Potential Loyalists,2
14862,26,2,841.1999999999999,4,3,3,433,10,Loyal Customers,3
14863,30,1,266.76,4,1,2,412,7,New Customers,2
14865,8,2,52.2,5,3,1,531,9,Loyal Customers,2
14866,11,12,14389.9,5,5,5,555,15,Champions,0
14867,186,3,710.28,1,3,3,133,7,About To Sleep,1
14868,4,8,2953.59,5,5,5,555,15,Champions,0
14869,9,2,721.45,5,3,3,533,11,Loyal Customers,2
14870,262,1,327.25,1,1,2,112,4,Lost Customers,1
14871,4,4,501.28000000000003,5,4,3,543,12,Loyal Customers,2
14873,211,1,519.68,1,1,3,113,5,About To Sleep,1
14875,108,2,1465.3200000000002,2,3,4,234,9,At Risk,3
14878,13,9,1476.09,5,5,4,554,14,Champions,0
14880,78,3,690.59,2,3,3,233,8,At Risk,3
14881,20,1,255.4,4,1,2,412,7,New Customers,2
14882,27,2,589.7,4,3,3,433,10,Loyal Customers,2
14883,19,6,761.59,4,5,3,453,12,Loyal Customers,3
14885,132,1,765.3199999999999,2,1,3,213,6,About To Sleep,1
14886,253,1,364.8,1,1,2,112,4,Lost Customers,1
14887,80,1,1862.0,2,1,4,214,7,About To Sleep,3
14888,208,1,369.2,1,1,2,112,4,Lost Customers,1
14889,337,1,135.9,1,1,1,111,3,Lost Customers,1
14890,254,1,125.65,1,1,1,111,3,Lost Customers,1
14891,149,2,554.38,2,3,3,233,8,At Risk,1
14893,10,2,1237.8500000000001,5,3,4,534,12,Loyal Customers,3
14894,86,1,655.75,2,1,3,213,6,About To Sleep,1
14895,8,20,11138.710000000001,5,5,5,555,15,Champions,0
14896,205,2,468.77000000000004,1,3,2,132,6,About To Sleep,1
14897,8,4,1366.38,5,4,4,544,13,Champions,3
14898,24,6,1269.31,4,5,4,454,13,Champions,3
14901,12,9,1421.29,5,5,4,554,14,Champions,0
14902,26,1,332.66,4,1,2,412,7,New Customers,2
14903,22,5,2795.33,4,4,5,445,13,Champions,3
14904,3,2,1025.44,5,3,4,534,12,Loyal Customers,2
14905,158,2,616.15,2,3,3,233,8,At Risk,1
14907,4,7,3501.1,5,5,5,555,15,Champions,0
14908,75,1,277.8,2,1,2,212,5,Lost Customers,1
14910,3,4,434.35,5,4,2,542,11,Loyal Customers,2
14911,2,201,143711.17,5,5,5,555,15,Champions,0
14912,17,2,867.85,4,3,3,433,10,Loyal Customers,3
14913,36,4,1227.43,3,4,4,344,11,Loyal Customers,3
14915,92,2,307.48,2,3,2,232,7,At Risk,1
14916,71,4,1268.98,3,4,4,344,11,Loyal Customers,3
14918,116,2,1610.15,2,3,4,234,9,At Risk,3
14920,213,2,977.77,1,3,4,134,8,About To Sleep,1
14921,31,2,1316.07,4,3,4,434,11,Loyal Customers,3
14923,51,1,749.1,3,1,3,313,7,Potential Loyalists,2
14924,246,1,310.05,1,1,2,112,4,Lost Customers,1
14929,33,1,223.88,4,1,1,411,6,New Customers,2
14930,109,3,2362.96,2,3,5,235,10,At Risk,3
14931,5,5,1257.68,5,4,4,544,13,Champions,0
14932,366,1,363.53,1,1,2,112,4,Lost Customers,1
14934,82,2,1890.94,2,3,4,234,9,At Risk,3
14935,298,1,1784.71,1,1,4,114,6,About To Sleep,1
14936,34,8,8137.02,3,5,5,355,13,Loyal Customers,0
14937,57,3,1621.88,3,3,4,334,10,Loyal Customers,3
14944,30,12,5900.25,4,5,5,455,14,Champions,0
14946,15,1,100.9,4,1,1,411,6,New Customers,2
14947,73,2,290.82,2,3,2,232,7,At Risk,2
14948,24,6,1101.97,4,5,4,454,13,Champions,3
14950,20,1,371.2,4,1,2,412,7,New Customers,2
14951,80,1,311.69,2,1,2,212,5,Lost Customers,1
14952,60,11,8099.49,3,5,5,355,13,Loyal Customers,0
14953,26,1,285.67,4,1,2,412,7,New Customers,2
14954,13,1,294.85,5,1,2,512,8,New Customers,2
14957,254,1,58.49,1,1,1,111,3,Lost Customers,1
14958,148,3,483.72999999999996,2,3,2,232,7,At Risk,1
14959,65,4,695.42,3,4,3,343,10,Loyal Customers,3
14960,9,2,221.27,5,3,1,531,9,Loyal Customers,2
14961,11,9,7044.68,5,5,5,555,15,Champions,0
14962,271,1,126.7,1,1,1,111,3,Lost Customers,1
14963,10,5,1472.34,5,4,4,544,13,Champions,3
14964,248,1,206.21,1,1,1,111,3,Lost Customers,1
14965,97,2,596.09,2,3,3,233,8,At Risk,1
14966,15,1,183.02,4,1,1,411,6,New Customers,2
14967,50,1,463.8,3,1,2,312,6,Potential Loyalists,2
14968,31,1,147.59,4,1,1,411,6,New Customers,2
14970,69,4,1592.06,3,4,4,344,11,Loyal Customers,3
14971,36,3,1097.98,3,3,4,334,10,Loyal Customers,3
14972,129,1,114.77,2,1,1,211,4,Lost Customers,1
14973,108,3,1314.45,2,3,4,234,9,At Risk,3
14974,38,1,89.94,3,1,1,311,5,Potential Loyalists,2
14975,58,1,279.94,3,1,2,312,6,Potential Loyalists,2
14976,58,7,790.86,3,5,3,353,11,Loyal Customers,3
14978,73,5,1921.3700000000001,2,4,4,244,10,At Risk,3
14981,247,1,102.12,1,1,1,111,3,Lost Customers,1
14984,20,2,202.37,4,3,1,431,8,Loyal Customers,2
14985,199,2,292.01,1,3,2,132,6,About To Sleep,1
14987,16,2,326.4,4,3,2,432,9,Loyal Customers,2
14988,212,1,334.54,1,1,2,112,4,Lost Customers,1
14995,39,2,231.98000000000002,3,3,1,331,7,Loyal Customers,2
14997,47,3,546.1999999999999,3,3,3,333,9,Loyal Customers,3
14998,171,2,414.87,2,3,2,232,7,At Risk,1
15000,48,1,490.52,3,1,3,313,7,Potential Loyalists,2
15002,116,4,1641.76,2,4,4,244,10,At Risk,3
15004,148,1,1220.77,2,1,4,214,7,About To Sleep,1
15005,16,28,6295.37,4,5,5,455,14,Champions,0
15006,52,1,480.38,3,1,2,312,6,Potential Loyalists,2
15007,160,1,156.91,2,1,1,211,4,Lost Customers,1
15009,13,3,1259.43,5,3,4,534,12,Loyal Customers,3
15010,36,1,308.94,3,1,2,312,6,Potential Loyalists,2
15012,54,2,405.04,3,3,2,332,8,Loyal Customers,2
15014,44,2,257.67,3,3,2,332,8,Loyal Customers,2
15016,173,1,170.04,2,1,1,211,4,Lost Customers,1
15017,34,1,125.58,3,1,1,311,5,Potential Loyalists,2
15018,39,3,496.21000000000004,3,3,3,333,9,Loyal Customers,3
15019,267,1,252.81,1,1,2,112,4,Lost Customers,1
15021,9,9,1871.77,5,5,4,554,14,Champions,0
15022,12,4,852.39,5,4,3,543,12,Loyal Customers,3
15023,4,11,6720.41,5,5,5,555,15,Champions,0
15024,10,10,1636.43,5,5,4,554,14,Champions,0
15025,34,1,361.96,3,1,2,312,6,Potential Loyalists,2
15026,81,3,469.0,2,3,2,232,7,At Risk,3
15027,31,4,1066.1499999999999,4,4,4,444,12,Champions,3
15028,9,4,627.13,5,4,3,543,12,Loyal Customers,3
15030,72,2,518.28,3,3,3,333,9,Loyal Customers,2
15031,5,4,653.19,5,4,3,543,12,Loyal Customers,3
15032,257,3,4959.1,1,3,5,135,9,About To Sleep,3
15033,5,10,2557.18,5,5,5,555,15,Champions,0
15034,16,8,4274.16,4,5,5,455,14,Champions,0
15035,90,1,252.73000000000002,2,1,2,212,5,Lost Customers,1
15036,73,3,429.56,2,3,2,232,7,At Risk,3
15038,59,6,685.74,3,5,3,353,11,Loyal Customers,3
15039,10,47,19766.59,5,5,5,555,15,Champions,0
15041,171,1,179.93,2,1,1,211,4,Lost Customers,1
15042,200,1,135.93,1,1,1,111,3,Lost Customers,1
15043,32,1,537.0,4,1,3,413,8,New Customers,2
15044,20,17,7634.7300000000005,4,5,5,455,14,Champions,0
15045,152,2,735.66,2,3,3,233,8,At Risk,1
15046,10,15,5090.42,5,5,5,555,15,Champions,0
15047,270,1,343.62,1,1,2,112,4,Lost Customers,1
15048,66,4,381.0,3,4,2,342,9,Loyal Customers,3
15049,274,1,121.17000000000002,1,1,1,111,3,Lost Customers,1
15050,26,3,1737.69,4,3,4,434,11,Loyal Customers,3
15051,24,3,1383.3600000000001,4,3,4,434,11,Loyal Customers,3
15052,320,1,207.73000000000002,1,1,1,111,3,Lost Customers,1
15053,5,3,693.95,5,3,3,533,11,Loyal Customers,3
15054,13,2,302.1,5,3,2,532,10,Loyal Customers,2
15057,276,2,1489.5,1,3,4,134,8,About To Sleep,1
15058,26,11,2102.54,4,5,5,455,14,Champions,0
15059,41,9,1337.72,3,5,4,354,12,Loyal Customers,3
15060,9,4,294.25,5,4,2,542,11,Loyal Customers,2
15061,4,48,54534.14,5,5,5,555,15,Champions,0
15062,72,4,987.86,3,4,4,344,11,Loyal Customers,3
15063,214,1,370.79999999999995,1,1,2,112,4,Lost Customers,1
15065,38,4,3158.13,3,4,5,345,12,Loyal Customers,3
15066,54,1,893.59,3,1,3,313,7,Potential Loyalists,2
15067,79,3,1744.76,2,3,4,234,9,At Risk,3
15068,47,2,553.36,3,3,3,333,9,Loyal Customers,2
15069,180,1,1109.53,2,1,4,214,7,About To Sleep,1
15070,373,1,106.2,1,1,1,111,3,Lost Customers,1
15071,94,2,982.07,2,3,4,234,9,At Risk,3
15073,10,3,1043.41,5,3,4,534,12,Loyal Customers,3
15074,106,1,735.67,2,1,3,213,6,About To Sleep,1
15075,78,1,773.03,2,1,3,213,6,About To Sleep,1
15076,173,1,880.85,2,1,3,213,6,About To Sleep,1
15078,8,32,9743.11,5,5,5,555,15,Champions,0
15079,213,4,895.61,1,4,3,143,8,Cannot Lose Them,3
15081,23,5,504.8,4,4,3,443,11,Loyal Customers,3
15083,257,1,88.2,1,1,1,111,3,Lost Customers,1
15087,282,1,306.94,1,1,2,112,4,Lost Customers,1
15088,22,2,1160.07,4,3,4,434,11,Loyal Customers,3
15089,11,6,2420.84,5,5,5,555,15,Champions,0
15090,309,1,381.32,1,1,2,112,4,Lost Customers,1
15091,68,1,480.71,3,1,2,312,6,Potential Loyalists,2
15092,216,2,457.81,1,3,2,132,6,About To Sleep,1
15093,19,6,4597.02,4,5,5,455,14,Champions,0
15095,104,4,1370.6,2,4,4,244,10,At Risk,3
15096,43,1,219.39000000000001,3,1,1,311,5,Potential Loyalists,2
15097,5,1,248.08,5,1,1,511,7,New Customers,2
15098,183,3,39916.5,1,3,5,135,9,About To Sleep,3
15099,85,1,410.48,2,1,2,212,5,Lost Customers,1
15100,334,3,876.0,1,3,3,133,7,About To Sleep,1
15101,9,2,317.53,5,3,2,532,10,Loyal Customers,2
15103,32,2,703.36,4,3,3,433,10,Loyal Customers,3
15104,197,2,993.54,1,3,4,134,8,About To Sleep,1
15105,19,7,2298.93,4,5,5,455,14,Champions,0
15106,18,5,1422.52,4,4,4,444,12,Champions,3
15107,312,6,319.5,1,5,2,152,8,Cannot Lose Them,1
15108,142,4,1300.25,2,4,4,244,10,At Risk,3
15109,246,1,484.95,1,1,2,112,4,Lost Customers,1
15110,24,4,996.1,4,4,4,444,12,Champions,3
15111,30,3,1567.48,4,3,4,434,11,Loyal Customers,3
15113,10,3,3509.43,5,3,5,535,13,Loyal Customers,3
15114,31,10,2760.56,4,5,5,455,14,Champions,0
15115,19,1,340.11,4,1,2,412,7,New Customers,2
15116,18,4,1352.75,4,4,4,444,12,Champions,3
15117,15,5,1551.78,4,4,4,444,12,Champions,3
15118,135,1,244.8,2,1,1,211,4,Lost Customers,1
15119,246,1,266.4,1,1,2,112,4,Lost Customers,1
15120,134,1,358.82,2,1,2,212,5,Lost Customers,1
15121,51,2,457.72,3,3,2,332,8,Loyal Customers,2
15122,115,3,1633.78,2,3,4,234,9,At Risk,3
15123,8,2,2199.31,5,3,5,535,13,Loyal Customers,3
15124,23,2,184.19,4,3,1,431,8,Loyal Customers,2
15125,26,15,11528.48,4,5,5,455,14,Champions,0
15127,66,1,406.53,3,1,2,312,6,Potential Loyalists,2
15128,61,4,1471.0,3,4,4,344,11,Loyal Customers,3
15129,51,11,3447.4,3,5,5,355,13,Loyal Customers,0
15130,170,1,330.11,2,1,2,212,5,Lost Customers,1
15132,19,5,977.9300000000001,4,4,4,444,12,Champions,3
15133,128,3,982.42,2,3,4,234,9,At Risk,3
15134,15,8,1387.99,4,5,4,454,13,Champions,0
15135,240,1,139.05,1,1,1,111,3,Lost Customers,1
15136,3,4,1286.7,5,4,4,544,13,Champions,0
15139,240,2,178.96,1,3,1,131,5,About To Sleep,1
15140,53,7,2354.25,3,5,5,355,13,Loyal Customers,3
15142,47,1,498.74,3,1,3,313,7,Potential Loyalists,2
15143,226,1,259.45,1,1,2,112,4,Lost Customers,1
15144,9,17,6580.44,5,5,5,555,15,Champions,0
15145,5,4,1194.73,5,4,4,544,13,Champions,3
15146,165,2,1327.16,2,3,4,234,9,At Risk,3
15147,241,1,623.5,1,1,3,113,5,About To Sleep,1
15148,11,1,301.29,5,1,2,512,8,New Customers,2
15149,134,1,520.8000000000001,2,1,3,213,6,About To Sleep,1
15150,18,10,5291.33,4,5,5,455,14,Champions,0
15152,10,13,4745.69,5,5,5,555,15,Champions,0
15153,32,1,329.25,4,1,2,412,7,New Customers,2
15154,76,1,254.28,2,1,2,212,5,Lost Customers,1
15156,2,3,961.49,5,3,4,534,12,Loyal Customers,3
15157,4,3,1936.07,5,3,4,534,12,Loyal Customers,3
15158,46,1,401.40000000000003,3,1,2,312,6,Potential Loyalists,2
15159,2,30,18641.010000000002,5,5,5,555,15,Champions,0
15160,358,1,158.16,1,1,1,111,3,Lost Customers,1
15163,19,2,304.47,4,3,2,432,9,Loyal Customers,2
15164,69,3,824.58,3,3,3,333,9,Loyal Customers,3
15165,374,1,487.75,1,1,3,113,5,About To Sleep,1
15167,321,1,158.8,1,1,1,111,3,Lost Customers,1
15168,26,1,106.56,4,1,1,411,6,New Customers,2
15171,332,1,1289.5,1,1,4,114,6,About To Sleep,1
15172,9,5,1624.05,5,4,4,544,13,Champions,3
15174,323,1,135.75,1,1,1,111,3,Lost Customers,1
15175,72,1,224.14,3,1,1,311,5,Potential Loyalists,2
15178,261,1,40.5,1,1,1,111,3,Lost Customers,1
15179,19,5,2206.95,4,4,5,445,13,Champions,3
15180,368,1,87.5,1,1,1,111,3,Lost Customers,1
15181,67,3,689.4799999999999,3,3,3,333,9,Loyal Customers,3
15182,155,2,622.85,2,3,3,233,8,At Risk,1
15184,30,2,402.2,4,3,2,432,9,Loyal Customers,2
15185,71,1,310.62,3,1,2,312,6,Potential Loyalists,2
15186,15,2,411.41,4,3,2,432,9,Loyal Customers,2
15187,2,16,4777.18,5,5,5,555,15,Champions,0
15189,2,41,16225.39,5,5,5,555,15,Champions,0
15192,120,3,1044.32,2,3,4,234,9,At Risk,3
15193,61,1,499.32,3,1,3,313,7,Potential Loyalists,2
15194,4,15,7616.53,5,5,5,555,15,Champions,0
15195,3,1,3861.0,5,1,5,515,11,New Customers,3
15197,11,3,1079.6100000000001,5,3,4,534,12,Loyal Customers,3
15198,93,2,193.64,2,3,1,231,6,At Risk,1
15199,60,4,1268.7,3,4,4,344,11,Loyal Customers,3
15201,88,5,1236.54,2,4,4,244,10,At Risk,3
15203,26,6,1827.8,4,5,4,454,13,Champions,3
15204,358,1,316.58,1,1,2,112,4,Lost Customers,1
15205,86,2,653.24,2,3,3,233,8,At Risk,1
15206,11,4,420.29999999999995,5,4,2,542,11,Loyal Customers,3
15208,2,5,870.12,5,4,3,543,12,Loyal Customers,0
15210,226,1,331.18,1,1,2,112,4,Lost Customers,1
15211,61,2,894.4100000000001,3,3,3,333,9,Loyal Customers,3
15212,242,1,101.8,1,1,1,111,3,Lost Customers,1
15213,319,2,328.35,1,3,2,132,6,About To Sleep,1
15214,2,8,1661.44,5,5,4,554,14,Champions,0
15215,47,3,734.94,3,3,3,333,9,Loyal Customers,3
15216,88,1,96.6,2,1,1,211,4,Lost Customers,1
15218,11,11,5756.89,5,5,5,555,15,Champions,0
15219,177,1,305.75,2,1,2,212,5,Lost Customers,1
15220,52,6,1778.96,3,5,4,354,12,Loyal Customers,3
15221,367,1,403.25,1,1,2,112,4,Lost Customers,1
15222,319,1,585.0,1,1,3,113,5,About To Sleep,1
15223,226,2,755.75,1,3,3,133,7,About To Sleep,1
15224,359,2,322.08,1,3,2,132,6,About To Sleep,1
15225,235,1,409.40000000000003,1,1,2,112,4,Lost Customers,1
15226,311,1,154.41,1,1,1,111,3,Lost Customers,1
15227,37,5,1219.4,3,4,4,344,11,Loyal Customers,3
15228,67,4,3386.71,3,4,5,345,12,Loyal Customers,3
15230,240,2,429.6,1,3,2,132,6,About To Sleep,1
15232,114,2,612.06,2,3,3,233,8,At Risk,1
15234,277,1,197.0,1,1,1,111,3,Lost Customers,1
15235,218,12,2247.51,1,5,5,155,11,Cannot Lose Them,3
15236,299,1,321.05,1,1,2,112,4,Lost Customers,1
15237,2,4,1412.32,5,4,4,544,13,Champions,0
15238,30,3,1071.99,4,3,4,434,11,Loyal Customers,3
15239,11,2,780.59,5,3,3,533,11,Loyal Customers,2
15240,45,5,1706.57,3,4,4,344,11,Loyal Customers,3
15241,67,8,1756.44,3,5,4,354,12,Loyal Customers,3
15243,75,1,316.68,2,1,2,212,5,Lost Customers,1
15244,66,2,631.57,3,3,3,333,9,Loyal Customers,3
15245,135,3,2515.84,2,3,5,235,10,At Risk,3
15246,239,2,514.15,1,3,3,133,7,About To Sleep,1
15247,123,1,356.0,2,1,2,212,5,Lost Customers,1
15249,32,13,6688.46,4,5,5,455,14,Champions,0
15251,10,11,10484.99,5,5,5,555,15,Champions,0
15252,37,2,740.78,3,3,3,333,9,Loyal Customers,3
15253,17,5,918.1999999999999,4,4,3,443,11,Loyal Customers,3
15254,128,1,300.36,2,1,2,212,5,Lost Customers,1
15255,67,1,890.85,3,1,3,313,7,Potential Loyalists,2
15256,149,1,98.45,2,1,1,211,4,Lost Customers,1
15257,284,1,317.15,1,1,2,112,4,Lost Customers,1
15258,169,2,623.16,2,3,3,233,8,At Risk,1
15260,101,7,1810.77,2,5,4,254,11,At Risk,3
15261,136,1,254.82,2,1,2,212,5,Lost Customers,1
15262,324,1,178.95000000000002,1,1,1,111,3,Lost Customers,1
15263,107,1,156.51,2,1,1,211,4,Lost Customers,1
15264,65,1,393.74,3,1,2,312,6,Potential Loyalists,2
15265,152,2,1506.1200000000001,2,3,4,234,9,At Risk,3
15266,339,1,119.3,1,1,1,111,3,Lost Customers,1
15267,23,5,1717.36,4,4,4,444,12,Champions,3
15269,24,1,408.8,4,1,2,412,7,New Customers,2
15270,16,7,2379.49,4,5,5,455,14,Champions,0
15271,8,15,2493.34,5,5,5,555,15,Champions,0
15272,58,2,721.94,3,3,3,333,9,Loyal Customers,3
15274,5,2,716.57,5,3,3,533,11,Loyal Customers,2
15275,38,1,615.14,3,1,3,313,7,Potential Loyalists,2
15276,67,1,128.63,3,1,1,311,5,Potential Loyalists,2
15277,47,1,255.89999999999998,3,1,2,312,6,Potential Loyalists,2
15279,355,1,290.51,1,1,2,112,4,Lost Customers,1
15280,173,1,113.12,2,1,1,211,4,Lost Customers,1
15281,59,9,2332.15,3,5,5,355,13,Loyal Customers,3
15286,50,1,240.55,3,1,1,311,5,Potential Loyalists,2
15287,23,2,486.69,4,3,2,432,9,Loyal Customers,2
15288,44,5,2306.52,3,4,5,345,12,Loyal Customers,3
15289,30,3,939.78,4,3,4,434,11,Loyal Customers,3
15290,5,18,7943.22,5,5,5,555,15,Champions,0
15291,26,15,4668.3,4,5,5,455,14,Champions,0
15292,202,1,178.39,1,1,1,111,3,Lost Customers,1
15296,51,6,3672.86,3,5,5,355,13,Loyal Customers,3
15297,11,3,641.94,5,3,3,533,11,Loyal Customers,3
15298,3,12,4799.9,5,5,5,555,15,Champions,0
15299,68,7,4507.01,3,5,5,355,13,Loyal Customers,3
15300,65,1,496.44,3,1,3,313,7,Potential Loyalists,2
15301,51,12,5049.95,3,5,5,355,13,Loyal Customers,0
15303,291,1,574.02,1,1,3,113,5,About To Sleep,1
15304,61,8,694.4000000000001,3,5,3,353,11,Loyal Customers,3
15306,65,3,1174.35,3,3,4,334,10,Loyal Customers,3
15307,96,1,205.3,2,1,1,211,4,Lost Customers,1
15308,275,1,310.47,1,1,2,112,4,Lost Customers,1
15311,1,91,60632.75,5,5,5,555,15,Champions,0
15312,76,4,924.85,2,4,3,243,9,At Risk,3
15313,111,1,52.0,2,1,1,211,4,Lost Customers,1
15314,200,1,327.97,1,1,2,112,4,Lost Customers,1
15315,65,2,570.5,3,3,3,333,9,Loyal Customers,2
15316,327,1,165.0,1,1,1,111,3,Lost Customers,1
15318,4,1,312.62,5,1,2,512,8,New Customers,2
15319,284,1,204.5,1,1,1,111,3,Lost Customers,1
15320,45,1,267.13,3,1,2,312,6,Potential Loyalists,2
15321,71,3,2748.31,3,3,5,335,11,Loyal Customers,3
15322,86,1,679.68,2,1,3,213,6,About To Sleep,1
15325,104,1,161.74,2,1,1,211,4,Lost Customers,1
15326,334,1,311.71,1,1,2,112,4,Lost Customers,1
15327,53,1,208.75,3,1,1,311,5,Potential Loyalists,2
15329,40,3,1049.7,3,3,4,334,10,Loyal Customers,3
15330,33,2,714.96,4,3,3,433,10,Loyal Customers,3
15332,367,4,1661.06,1,4,4,144,9,Cannot Lose Them,3
15333,209,1,1028.56,1,1,4,114,6,About To Sleep,1
15334,157,3,350.82,2,3,2,232,7,At Risk,1
15335,54,1,170.22,3,1,1,311,5,Potential Loyalists,2
15339,67,2,574.07,3,3,3,333,9,Loyal Customers,2
15341,81,1,2020.52,2,1,4,214,7,About To Sleep,3
15342,130,1,406.09,2,1,2,212,5,Lost Customers,1
15343,88,1,364.5,2,1,2,212,5,Lost Customers,1
15344,1,3,563.94,5,3,3,533,11,Loyal Customers,2
15345,46,1,393.54,3,1,2,312,6,Potential Loyalists,2
15346,333,1,252.42000000000002,1,1,2,112,4,Lost Customers,1
15347,367,1,201.60000000000002,1,1,1,111,3,Lost Customers,1
15348,73,1,158.04,2,1,1,211,4,Lost Customers,1
15349,159,2,463.90999999999997,2,3,2,232,7,At Risk,1
15350,374,1,115.65,1,1,1,111,3,Lost Customers,1
15351,13,7,1934.66,5,5,4,554,14,Champions,0
15353,255,2,770.12,1,3,3,133,7,About To Sleep,1
15355,30,2,277.05,4,3,2,432,9,Loyal Customers,2
15356,32,10,2718.03,4,5,5,455,14,Champions,0
15358,5,22,8347.2,5,5,5,555,15,Champions,0
15360,40,1,427.93,3,1,2,312,6,Potential Loyalists,2
15361,362,1,418.92,1,1,2,112,4,Lost Customers,1
15363,373,1,326.0,1,1,2,112,4,Lost Customers,1
15364,96,2,913.19,2,3,3,233,8,At Risk,3
15365,26,7,2314.32,4,5,5,455,14,Champions,3
15366,76,2,602.51,2,3,3,233,8,At Risk,3
15367,58,4,1877.59,3,4,4,344,11,Loyal Customers,3
15368,22,1,446.94000000000005,4,1,2,412,7,New Customers,2
15370,41,7,2386.05,3,5,5,355,13,Loyal Customers,3
15372,138,1,2007.3999999999999,2,1,4,214,7,About To Sleep,1
15373,9,12,2415.91,5,5,5,555,15,Champions,0
15374,129,1,168.0,2,1,1,211,4,Lost Customers,1
15376,41,3,1221.56,3,3,4,334,10,Loyal Customers,3
15379,170,7,3703.29,2,5,5,255,12,At Risk,3
15380,9,5,1690.2600000000002,5,4,4,544,13,Champions,3
15381,214,2,596.85,1,3,3,133,7,About To Sleep,1
15382,15,6,5955.71,4,5,5,455,14,Champions,0
15384,170,2,642.41,2,3,3,233,8,At Risk,1
15385,41,1,316.88,3,1,2,312,6,Potential Loyalists,2
15386,187,1,394.14,1,1,2,112,4,Lost Customers,1
15388,271,1,140.54,1,1,1,111,3,Lost Customers,1
15389,173,1,500.0,2,1,3,213,6,About To Sleep,1
15392,5,4,1535.53,5,4,4,544,13,Champions,3
15393,17,2,231.86,4,3,1,431,8,Loyal Customers,2
15394,10,4,2183.54,5,4,5,545,14,Champions,3
15395,326,1,107.45,1,1,1,111,3,Lost Customers,1
15396,113,1,288.18,2,1,2,212,5,Lost Customers,1
15397,290,1,94.0,1,1,1,111,3,Lost Customers,1
15398,17,2,1345.53,4,3,4,434,11,Loyal Customers,3
15399,2,3,815.77,5,3,3,533,11,Loyal Customers,3
15400,93,5,716.2,2,4,3,243,9,At Risk,3
15402,149,2,626.77,2,3,3,233,8,At Risk,1
15405,190,1,349.1,1,1,2,112,4,Lost Customers,1
15406,32,2,510.71000000000004,4,3,3,433,10,Loyal Customers,2
15407,34,4,1046.74,3,4,4,344,11,Loyal Customers,3
15408,265,1,267.18,1,1,2,112,4,Lost Customers,1
15410,85,8,3450.84,2,5,5,255,12,At Risk,3
15411,27,4,1348.93,4,4,4,444,12,Champions,3
15412,172,1,190.53,2,1,1,211,4,Lost Customers,1
15414,10,3,774.9000000000001,5,3,3,533,11,Loyal Customers,3
15415,314,1,559.61,1,1,3,113,5,About To Sleep,1
15416,65,4,3984.32,3,4,5,345,12,Loyal Customers,3
15417,86,1,508.8,2,1,3,213,6,About To Sleep,1
15419,25,1,135.86,4,1,1,411,6,New Customers,2
15421,59,4,950.36,3,4,4,344,11,Loyal Customers,3
15422,324,2,97.7,1,3,1,131,5,About To Sleep,1
15423,39,1,43.5,3,1,1,311,5,Potential Loyalists,2
15424,255,2,383.34,1,3,2,132,6,About To Sleep,1
15426,20,5,1404.07,4,4,4,444,12,Champions,3
15427,34,3,1430.54,3,3,4,334,10,Loyal Customers,3
15428,16,1,93.78,4,1,1,411,6,New Customers,2
15429,27,2,397.35,4,3,2,432,9,Loyal Customers,2
15432,24,1,171.19,4,1,1,411,6,New Customers,2
15433,214,2,533.3,1,3,3,133,7,About To Sleep,1
15434,9,5,1041.48,5,4,4,544,13,Champions,3
15435,23,1,149.29,4,1,1,411,6,New Customers,2
15436,13,3,1067.75,5,3,4,534,12,Loyal Customers,3
15437,263,1,200.16,1,1,1,111,3,Lost Customers,1
15438,132,1,156.57999999999998,2,1,1,211,4,Lost Customers,1
15440,55,3,383.68,3,3,2,332,8,Loyal Customers,2
15442,249,1,594.0,1,1,3,113,5,About To Sleep,1
15443,2,7,3213.59,5,5,5,555,15,Champions,0
15444,10,2,1411.21,5,3,4,534,12,Loyal Customers,3
15445,265,1,113.5,1,1,1,111,3,Lost Customers,1
15447,331,1,155.17,1,1,1,111,3,Lost Customers,1
15448,313,1,494.64,1,1,3,113,5,About To Sleep,1
15449,27,3,974.52,4,3,4,434,11,Loyal Customers,3
15450,31,1,429.84,4,1,2,412,7,New Customers,2
15452,30,3,528.48,4,3,3,433,10,Loyal Customers,3
15453,2,7,1371.77,5,5,4,554,14,Champions,0
15454,363,1,179.1,1,1,1,111,3,Lost Customers,1
15456,284,3,434.59000000000003,1,3,2,132,6,About To Sleep,1
15457,263,1,237.07,1,1,1,111,3,Lost Customers,1
15458,26,1,161.64,4,1,1,411,6,New Customers,2
15460,355,1,214.26,1,1,1,111,3,Lost Customers,1
15462,95,3,234.6,2,3,1,231,6,At Risk,1
15463,30,1,126.14,4,1,1,411,6,New Customers,2
15464,339,1,1044.65,1,1,4,114,6,About To Sleep,1
15465,20,18,7354.62,4,5,5,455,14,Champions,0
15466,86,1,334.53,2,1,2,212,5,Lost Customers,1
15467,10,3,524.88,5,3,3,533,11,Loyal Customers,2
15468,52,2,467.51,3,3,2,332,8,Loyal Customers,2
15469,51,2,538.55,3,3,3,333,9,Loyal Customers,2
15471,3,1,454.48,5,1,2,512,8,New Customers,2
15472,114,1,371.56,2,1,2,212,5,Lost Customers,1
15473,15,7,1771.2,4,5,4,454,13,Champions,0
15475,78,1,454.10999999999996,2,1,2,212,5,Lost Customers,1
15478,41,2,1399.92,3,3,4,334,10,Loyal Customers,3
15480,117,1,905.5,2,1,3,213,6,About To Sleep,1
15482,16,12,10879.76,4,5,5,455,14,Champions,0
15483,162,4,225.26,2,4,1,241,7,At Risk,1
15484,2,4,3590.41,5,4,5,545,14,Champions,0
15485,31,3,2564.5,4,3,5,435,12,Loyal Customers,3
15488,93,1,91.32000000000001,2,1,1,211,4,Lost Customers,1
15489,23,3,1134.28,4,3,4,434,11,Loyal Customers,3
15491,96,6,3100.09,2,5,5,255,12,At Risk,3
15492,29,2,659.4599999999999,4,3,3,433,10,Loyal Customers,2
15493,33,5,1953.41,4,4,4,444,12,Champions,3
15494,22,2,1280.58,4,3,4,434,11,Loyal Customers,3
15497,18,2,1262.2,4,3,4,434,11,Loyal Customers,3
15498,3,27,13316.4,5,5,5,555,15,Champions,0
15500,9,4,1131.56,5,4,4,544,13,Champions,3
15502,16,12,10384.93,4,5,5,455,14,Champions,0
15503,363,1,141.04,1,1,1,111,3,Lost Customers,1
15504,82,1,52.83,2,1,1,211,4,Lost Customers,1
15505,53,5,3610.96,3,4,5,345,12,Loyal Customers,3
15506,23,3,972.08,4,3,4,434,11,Loyal Customers,3
15507,172,1,475.86,2,1,2,212,5,Lost Customers,1
15508,190,6,1000.27,1,5,4,154,10,Cannot Lose Them,3
15510,331,1,250.0,1,1,2,112,4,Lost Customers,1
15511,12,5,900.53,5,4,3,543,12,Loyal Customers,3
15512,156,2,121.0,2,3,1,231,6,At Risk,1
15513,34,19,14758.220000000001,3,5,5,355,13,Loyal Customers,0
15514,13,11,4023.7200000000003,5,5,5,555,15,Champions,0
15516,45,3,62.43,3,3,1,331,7,Loyal Customers,2
15517,234,1,267.03,1,1,2,112,4,Lost Customers,1
15518,65,8,1921.55,3,5,4,354,12,Loyal Customers,3
15520,2,1,343.5,5,1,2,512,8,New Customers,2
15521,41,8,3000.2,3,5,5,355,13,Loyal Customers,3
15522,33,2,397.99,4,3,2,432,9,Loyal Customers,2
15523,85,1,412.01000000000005,2,1,2,212,5,Lost Customers,1
15524,25,1,440.0,4,1,2,412,7,New Customers,2
15525,3,3,734.37,5,3,3,533,11,Loyal Customers,2
15526,34,2,148.44,3,3,1,331,7,Loyal Customers,2
15527,19,8,2428.53,4,5,5,455,14,Champions,0
15528,255,1,229.33,1,1,1,111,3,Lost Customers,1
15529,23,11,3962.6,4,5,5,455,14,Champions,0
15530,22,4,1497.31,4,4,4,444,12,Champions,3
15531,9,2,1972.39,5,3,4,534,12,Loyal Customers,3
15532,26,4,1564.73,4,4,4,444,12,Champions,3
15533,20,3,807.57,4,3,3,433,10,Loyal Customers,3
15535,174,4,502.9,2,4,3,243,9,At Risk,1
15537,164,1,110.92,2,1,1,211,4,Lost Customers,1
15539,8,1,538.46,5,1,3,513,9,New Customers,2
15540,12,1,213.3,5,1,1,511,7,New Customers,2
15541,115,1,85.13000000000001,2,1,1,211,4,Lost Customers,1
15543,289,1,127.86,1,1,1,111,3,Lost Customers,1
15544,10,9,3546.71,5,5,5,555,15,Champions,0
15545,55,2,288.96999999999997,3,3,2,332,8,Loyal Customers,2
15547,8,14,4910.6,5,5,5,555,15,Champions,0
15549,78,3,1681.46,2,3,4,234,9,At Risk,3
15550,5,4,575.63,5,4,3,543,12,Loyal Customers,3
15551,37,1,436.06,3,1,2,312,6,Potential Loyalists,2
15552,218,1,90.12,1,1,1,111,3,Lost Customers,1
15553,61,1,428.93,3,1,2,312,6,Potential Loyalists,2
15554,278,1,217.2,1,1,1,111,3,Lost Customers,1
15555,13,16,4794.86,5,5,5,555,15,Champions,0
15556,25,1,279.77,4,1,2,412,7,New Customers,2
15557,29,1,468.91,4,1,2,412,7,New Customers,2
15561,12,4,800.59,5,4,3,543,12,Loyal Customers,3
15562,352,1,134.55,1,1,1,111,3,Lost Customers,1
15563,23,4,1400.44,4,4,4,444,12,Champions,3
15565,51,2,173.16,3,3,1,331,7,Loyal Customers,2
15567,19,1,186.01,4,1,1,411,6,New Customers,2
15568,3,3,758.29,5,3,3,533,11,Loyal Customers,3
15569,104,5,1375.71,2,4,4,244,10,At Risk,3
15570,8,12,4148.82,5,5,5,555,15,Champions,0
15571,12,4,650.4300000000001,5,4,3,543,12,Loyal Customers,3
15572,5,7,2533.42,5,5,5,555,15,Champions,0
15573,32,2,591.1899999999999,4,3,3,433,10,Loyal Customers,2
15574,178,4,675.64,2,4,3,243,9,At Risk,3
15576,38,1,921.37,3,1,3,313,7,Potential Loyalists,2
15577,152,3,258.88,2,3,2,232,7,At Risk,1
15578,163,1,127.1,2,1,1,211,4,Lost Customers,1
15579,69,2,327.6,3,3,2,332,8,Loyal Customers,2
15581,121,13,3675.77,2,5,5,255,12,At Risk,0
15582,25,3,682.9100000000001,4,3,3,433,10,Loyal Customers,3
15584,24,4,720.86,4,4,3,443,11,Loyal Customers,3
15585,177,1,455.3,2,1,2,212,5,Lost Customers,1
15587,51,4,913.6800000000001,3,4,3,343,10,Loyal Customers,3
15589,256,3,478.53000000000003,1,3,2,132,6,About To Sleep,1
15592,47,1,388.58,3,1,2,312,6,Potential Loyalists,2
15593,71,1,199.8,3,1,1,311,5,Potential Loyalists,2
15594,16,5,1771.78,4,4,4,444,12,Champions,3
15596,101,5,1406.59,2,4,4,244,10,At Risk,3
15597,36,1,324.57,3,1,2,312,6,Potential Loyalists,2
15598,54,1,240.68,3,1,1,311,5,Potential Loyalists,2
15599,27,2,761.74,4,3,3,433,10,Loyal Customers,3
15601,12,14,6776.56,5,5,5,555,15,Champions,0
15602,9,9,1297.8700000000001,5,5,4,554,14,Champions,0
15603,79,1,48.480000000000004,2,1,1,211,4,Lost Customers,1
15604,53,1,216.39,3,1,1,311,5,Potential Loyalists,2
15605,37,5,1198.23,3,4,4,344,11,Loyal Customers,3
15606,62,9,2920.16,3,5,5,355,13,Loyal Customers,3
15607,337,1,104.76,1,1,1,111,3,Lost Customers,1
15608,29,4,1093.68,4,4,4,444,12,Champions,3
15609,185,1,298.48,1,1,2,112,4,Lost Customers,1
15610,52,1,112.46000000000001,3,1,1,311,5,Potential Loyalists,2
15611,10,13,1591.45,5,5,4,554,14,Champions,0
15612,37,2,195.15,3,3,1,331,7,Loyal Customers,2
15615,11,23,10399.74,5,5,5,555,15,Champions,0
15618,33,4,776.851,4,4,3,443,11,Loyal Customers,3
15619,11,1,336.40000000000003,5,1,2,512,8,New Customers,2
15620,57,3,1553.18,3,3,4,334,10,Loyal Customers,3
15621,5,4,1293.03,5,4,4,544,13,Champions,3
15622,44,9,3709.56,3,5,5,355,13,Loyal Customers,0
15623,142,1,301.03,2,1,2,212,5,Lost Customers,1
15624,117,4,588.13,2,4,3,243,9,At Risk,3
15625,104,4,1534.26,2,4,4,244,10,At Risk,3
15626,75,2,675.8,2,3,3,233,8,At Risk,3
15628,5,9,2870.2400000000002,5,5,5,555,15,Champions,0
15630,46,2,1186.35,3,3,4,334,10,Loyal Customers,3
15632,16,8,3285.31,4,5,5,455,14,Champions,0
15634,18,1,243.55,4,1,1,411,6,New Customers,2
15636,90,2,724.76,2,3,3,233,8,At Risk,3
15637,53,1,223.36,3,1,1,311,5,Potential Loyalists,2
15639,135,1,425.32,2,1,2,212,5,Lost Customers,1
15640,5,15,12416.11,5,5,5,555,15,Champions,0
15641,106,4,1887.2,2,4,4,244,10,At Risk,3
15643,192,3,664.0,1,3,3,133,7,About To Sleep,1
15644,167,4,803.54,2,4,3,243,9,At Risk,3
15645,19,1,612.01,4,1,3,413,8,New Customers,2
15646,158,3,447.64000000000004,2,3,2,232,7,At Risk,1
15648,205,2,639.5,1,3,3,133,7,About To Sleep,1
15649,337,2,816.0,1,3,3,133,7,About To Sleep,1
15651,37,3,646.3,3,3,3,333,9,Loyal Customers,3
15652,92,1,337.74,2,1,2,212,5,Lost Customers,1
15653,93,2,877.4399999999999,2,3,3,233,8,At Risk,3
15654,10,2,922.53,5,3,3,533,11,Loyal Customers,3
15655,244,1,560.67,1,1,3,113,5,About To Sleep,1
15656,46,4,748.5,3,4,3,343,10,Loyal Customers,3
15657,23,1,30.0,4,1,1,411,6,New Customers,2
15658,191,5,1024.1000000000001,1,4,4,144,9,Cannot Lose Them,3
15659,44,1,306.45,3,1,2,312,6,Potential Loyalists,2
15660,26,9,1600.86,4,5,4,454,13,Champions,0
15661,318,2,309.8,1,3,2,132,6,About To Sleep,1
15663,107,1,138.14,2,1,1,211,4,Lost Customers,1
15664,51,1,386.43,3,1,2,312,6,Potential Loyalists,2
15665,169,2,2222.21,2,3,5,235,10,At Risk,3
15667,40,1,301.32,3,1,2,312,6,Potential Loyalists,2
15668,218,1,76.32000000000001,1,1,1,111,3,Lost Customers,1
15669,41,4,684.34,3,4,3,343,10,Loyal Customers,3
15670,297,1,173.05,1,1,1,111,3,Lost Customers,1
15671,19,7,2657.13,4,5,5,455,14,Champions,0
15673,89,4,2726.23,2,4,5,245,11,At Risk,3
15674,74,5,2446.6,2,4,5,245,11,At Risk,3
15675,82,3,323.69,2,3,2,232,7,At Risk,1
15676,19,3,3435.76,4,3,5,435,12,Loyal Customers,3
15677,50,1,657.23,3,1,3,313,7,Potential Loyalists,2
15678,53,1,352.7,3,1,2,312,6,Potential Loyalists,2
15679,25,4,781.28,4,4,3,443,11,Loyal Customers,3
15680,10,3,1333.68,5,3,4,534,12,Loyal Customers,3
15681,26,5,1426.16,4,4,4,444,12,Champions,3
15683,118,1,193.75,2,1,1,211,4,Lost Customers,1
15687,9,9,2993.1,5,5,5,555,15,Champions,0
15689,120,2,254.1,2,3,2,232,7,At Risk,1
15690,5,2,239.76,5,3,1,531,9,Loyal Customers,2
15691,253,1,136.8,1,1,1,111,3,Lost Customers,1
15692,29,1,191.04,4,1,1,411,6,New Customers,2
15694,1,14,6479.4,5,5,5,555,15,Champions,0
15695,267,2,409.98,1,3,2,132,6,About To Sleep,1
15696,34,8,2711.11,3,5,5,355,13,Loyal Customers,0
15699,18,1,309.65,4,1,2,412,7,New Customers,2
15700,173,2,696.68,2,3,3,233,8,At Risk,1
15701,3,4,1529.0,5,4,4,544,13,Champions,0
15703,265,1,211.5,1,1,1,111,3,Lost Customers,1
15704,141,4,2293.62,2,4,5,245,11,At Risk,3
15705,202,1,143.1,1,1,1,111,3,Lost Customers,1
15706,64,4,1060.56,3,4,4,344,11,Loyal Customers,3
15707,36,4,916.98,3,4,3,343,10,Loyal Customers,3
15708,41,7,3235.25,3,5,5,355,13,Loyal Customers,3
15709,284,1,133.25,1,1,1,111,3,Lost Customers,1
15712,10,5,1072.3600000000001,5,4,4,544,13,Champions,3
15713,144,2,356.7,2,3,2,232,7,At Risk,1
15714,12,2,330.03000000000003,5,3,2,532,10,Loyal Customers,2
15716,146,4,1101.1100000000001,2,4,4,244,10,At Risk,3
15717,235,1,150.3,1,1,1,111,3,Lost Customers,1
15719,33,13,5030.07,4,5,5,455,14,Champions,0
15720,25,1,598.73,4,1,3,413,8,New Customers,2
15721,12,1,471.40000000000003,5,1,2,512,8,New Customers,2
15722,36,5,2211.21,3,4,5,345,12,Loyal Customers,3
15723,365,1,190.7,1,1,1,111,3,Lost Customers,1
15724,202,2,218.25,1,3,1,131,5,About To Sleep,1
15725,16,1,415.25,4,1,2,412,7,New Customers,2
15727,17,7,5159.06,4,5,5,455,14,Champions,0
15729,213,1,85.0,1,1,1,111,3,Lost Customers,1
15730,66,3,1120.88,3,3,4,334,10,Loyal Customers,3
15732,213,2,294.12,1,3,2,132,6,About To Sleep,1
15733,283,1,162.3,1,1,1,111,3,Lost Customers,1
15734,115,2,1339.45,2,3,4,234,9,At Risk,3
15737,15,8,1188.1200000000001,4,5,4,454,13,Champions,0
15738,19,16,4812.42,4,5,5,455,14,Champions,0
15739,67,1,449.12,3,1,2,312,6,Potential Loyalists,2
15740,50,1,154.88,3,1,1,311,5,Potential Loyalists,2
15743,17,4,775.96,4,4,3,443,11,Loyal Customers,3
15744,78,1,34.8,2,1,1,211,4,Lost Customers,1
15745,20,4,1094.59,4,4,4,444,12,Champions,3
15746,135,1,196.88,2,1,1,211,4,Lost Customers,1
15747,13,3,946.64,5,3,4,534,12,Loyal Customers,3
15748,41,1,144.36,3,1,1,311,5,Potential Loyalists,2
15749,236,3,44534.3,1,3,5,135,9,About To Sleep,3
15750,3,8,2463.05,5,5,5,555,15,Champions,0
15752,40,7,2626.6,3,5,5,355,13,Loyal Customers,3
15753,305,1,79.2,1,1,1,111,3,Lost Customers,1
15754,52,3,458.57,3,3,2,332,8,Loyal Customers,3
15755,11,6,2364.25,5,5,5,555,15,Champions,0
15756,62,4,528.01,3,4,3,343,10,Loyal Customers,3
15757,66,2,714.42,3,3,3,333,9,Loyal Customers,3
15758,25,1,205.25,4,2,1,421,7,New Customers,2
15759,219,3,253.04,1,3,2,132,6,About To Sleep,1
15762,66,2,583.75,3,3,3,333,9,Loyal Customers,2
15763,32,2,1086.92,4,3,4,434,11,Loyal Customers,3
15764,89,6,3279.97,2,5,5,255,12,At Risk,3
15766,65,1,315.06,3,2,2,322,7,Potential Loyalists,2
15768,116,3,621.8299999999999,2,4,3,243,9,At Risk,3
15769,8,26,56252.72,5,5,5,555,15,Champions,0
15773,6,1,635.6800000000001,5,2,3,523,10,New Customers,2
15774,69,1,270.8,3,2,2,322,7,Potential Loyalists,2
15775,246,1,104.9,1,2,1,121,4,Lost Customers,1
15776,134,1,241.62,2,2,1,221,5,Lost Customers,1
15777,242,4,1047.11,1,4,4,144,9,Cannot Lose Them,3
15780,184,3,475.28000000000003,1,4,2,142,7,Cannot Lose Them,1
15781,26,3,345.46,4,4,2,442,10,Loyal Customers,2
15782,10,3,2614.7400000000002,5,4,5,545,14,Champions,3
15783,11,1,246.3,5,2,1,521,8,New Customers,2
15785,33,5,2328.9700000000003,4,4,5,445,13,Champions,3
15786,47,3,4919.0,3,4,5,345,12,Loyal Customers,3
15787,27,3,933.26,4,4,3,443,11,Loyal Customers,3
15789,359,1,351.3,1,2,2,122,5,Lost Customers,1
15790,11,1,218.75,5,2,1,521,8,New Customers,2
15791,44,2,1612.69,3,3,4,334,10,Loyal Customers,3
15793,15,3,965.61,4,4,4,444,12,Champions,3
15795,150,1,610.01,2,2,3,223,7,Hibernating,1
15796,2,8,2708.61,5,5,5,555,15,Champions,0
15797,114,4,2207.4,2,4,5,245,11,At Risk,3
15799,76,3,884.14,2,4,3,243,9,At Risk,3
15800,108,2,696.89,2,3,3,233,8,At Risk,1
15801,47,3,1063.95,3,4,4,344,11,Loyal Customers,3
15802,143,1,451.42,2,2,2,222,6,Lost Customers,1
15803,52,1,415.82000000000005,3,2,2,322,7,Potential Loyalists,2
15804,1,13,4206.39,5,5,5,555,15,Champions,0
15805,24,17,5488.18,4,5,5,455,14,Champions,0
15806,47,3,784.58,3,4,3,343,10,Loyal Customers,3
15807,51,3,903.9,3,4,3,343,10,Loyal Customers,3
15808,307,4,3651.27,1,4,5,145,10,Cannot Lose Them,3
15809,37,5,515.77,3,4,3,343,10,Loyal Customers,3
15810,79,4,1391.98,2,4,4,244,10,At Risk,3
15811,23,6,2218.62,4,5,5,455,14,Champions,3
15812,108,5,1801.14,2,4,4,244,10,At Risk,3
15813,208,2,1303.9099999999999,1,3,4,134,8,About To Sleep,1
15814,17,4,1945.33,4,4,4,444,12,Champions,3
15815,64,5,2100.6,3,4,5,345,12,Loyal Customers,3
15819,50,4,1905.45,3,4,4,344,11,Loyal Customers,3
15820,320,1,206.98,1,2,1,121,4,Lost Customers,1
15821,45,2,570.96,3,3,3,333,9,Loyal Customers,2
15822,4,2,885.47,5,3,3,533,11,Loyal Customers,2
15823,373,1,15.0,1,2,1,121,4,Lost Customers,1
15825,173,1,532.94,2,2,3,223,7,Hibernating,1
15826,57,3,1654.31,3,4,4,344,11,Loyal Customers,3
15827,74,14,1836.0900000000001,2,5,4,254,11,At Risk,0
15829,100,2,636.14,2,3,3,233,8,At Risk,1
15830,38,1,576.0,3,2,3,323,8,Potential Loyalists,2
15831,59,3,794.64,3,4,3,343,10,Loyal Customers,3
15832,255,1,836.79,1,2,3,123,6,About To Sleep,1
15834,71,4,2225.15,3,4,5,345,12,Loyal Customers,3
15835,45,4,954.09,3,4,4,344,11,Loyal Customers,3
15836,51,1,137.37,3,2,1,321,6,Potential Loyalists,2
15837,65,1,391.98,3,2,2,322,7,Potential Loyalists,2
15838,12,19,33643.08,5,5,5,555,15,Champions,0
15839,34,3,1048.49,3,4,4,344,11,Loyal Customers,3
15840,59,2,355.56,3,3,2,332,8,Loyal Customers,2
15841,73,4,1224.06,2,4,4,244,10,At Risk,3
15843,304,1,118.95000000000002,1,2,1,121,4,Lost Customers,1
15844,47,1,130.73999999999998,3,2,1,321,6,Potential Loyalists,2
15845,18,8,3711.77,4,5,5,455,14,Champions,0
15847,39,2,389.27,3,3,2,332,8,Loyal Customers,2
15850,20,2,234.88,4,3,1,431,8,Loyal Customers,2
15852,187,2,160.71,1,3,1,131,5,About To Sleep,1
15853,52,1,110.8,3,2,1,321,6,Potential Loyalists,2
15854,5,12,2969.12,5,5,5,555,15,Champions,0
15855,137,5,712.24,2,4,3,243,9,At Risk,3
15856,5,27,16143.64,5,5,5,555,15,Champions,0
15857,19,1,297.0,4,2,2,422,8,New Customers,2
15858,16,5,1427.57,4,4,4,444,12,Champions,3
15860,41,8,965.16,3,5,4,354,12,Loyal Customers,3
15861,13,8,3146.92,5,5,5,555,15,Champions,0
15862,9,4,832.88,5,4,3,543,12,Loyal Customers,3
15863,26,2,68.84,4,3,1,431,8,Loyal Customers,2
15864,23,6,1936.3200000000002,4,5,4,454,13,Champions,3
15865,41,3,895.13,3,4,3,343,10,Loyal Customers,3
15866,102,1,211.89,2,2,1,221,5,Lost Customers,1
15867,6,15,3810.14,5,5,5,555,15,Champions,0
15869,278,2,149.64,1,3,1,131,5,About To Sleep,1
15870,33,1,351.44,4,2,2,422,8,New Customers,2
15872,15,2,316.25,4,3,2,432,9,Loyal Customers,2
15874,64,7,4405.88,3,5,5,355,13,Loyal Customers,3
15877,2,2,490.33,5,3,3,533,11,Loyal Customers,2
15880,370,1,329.03000000000003,1,2,2,122,5,Lost Customers,1
15881,313,5,501.39000000000004,1,4,3,143,8,Cannot Lose Them,1
15882,199,4,516.36,1,4,3,143,8,Cannot Lose Them,1
15883,3,2,396.48,5,3,2,532,10,Loyal Customers,2
15885,93,3,379.35,2,4,2,242,8,At Risk,1
15886,61,1,181.09,3,2,1,321,6,Potential Loyalists,2
15888,81,1,168.31,2,2,1,221,5,Lost Customers,1
15889,157,2,420.07,2,3,2,232,7,At Risk,1
15891,227,1,511.68,1,2,3,123,6,About To Sleep,1
15894,254,2,258.25,1,3,2,132,6,About To Sleep,1
15895,150,1,179.17,2,2,1,221,5,Lost Customers,1
15897,195,2,208.59,1,3,1,131,5,About To Sleep,1
15898,2,5,1383.83,5,4,4,544,13,Champions,0
15899,369,1,56.25,1,2,1,121,4,Lost Customers,1
15900,24,1,337.28,4,2,2,422,8,New Customers,2
15901,17,3,351.73,4,4,2,442,10,Loyal Customers,2
15903,10,7,5126.76,5,5,5,555,15,Champions,0
15904,9,1,164.68,5,2,1,521,8,New Customers,2
15906,20,7,1567.69,4,5,4,454,13,Champions,3
15907,4,3,882.72,5,4,3,543,12,Loyal Customers,3
15909,174,1,191.94,2,2,1,221,5,Lost Customers,1
15910,1,8,1228.88,5,5,4,554,14,Champions,0
15912,179,2,264.62,2,3,2,232,7,At Risk,1
15916,17,8,1502.8600000000001,4,5,4,454,13,Champions,0
15917,248,1,123.1,1,2,1,121,4,Lost Customers,1
15918,191,2,334.23,1,3,2,132,6,About To Sleep,1
15919,20,2,525.69,4,3,3,433,10,Loyal Customers,2
15920,155,4,167.5,2,4,1,241,7,At Risk,1
15921,173,1,323.03000000000003,2,2,2,222,6,Lost Customers,1
15922,374,1,369.5,1,2,2,122,5,Lost Customers,1
15923,373,1,127.08,1,2,1,121,4,Lost Customers,1
15925,195,1,207.15,1,2,1,121,4,Lost Customers,1
15930,68,1,426.63,3,2,2,322,7,Potential Loyalists,2
15932,5,8,2495.87,5,5,5,555,15,Champions,0
15933,22,3,1107.46,4,4,4,444,12,Champions,3
15935,240,2,416.86,1,3,2,132,6,About To Sleep,1
15937,65,1,145.35,3,2,1,321,6,Potential Loyalists,2
15938,113,5,404.58,2,4,2,242,8,At Risk,3
15939,90,15,6115.01,2,5,5,255,12,At Risk,0
15940,312,1,35.8,1,2,1,121,4,Lost Customers,1
15942,134,1,337.44,2,2,2,222,6,Lost Customers,1
15944,277,1,325.1,1,2,2,122,5,Lost Customers,1
15945,366,1,181.0,1,2,1,121,4,Lost Customers,1
15947,83,1,1708.24,2,2,4,224,8,Hibernating,3
15948,9,2,955.24,5,3,4,534,12,Loyal Customers,3
15949,17,2,364.72,4,3,2,432,9,Loyal Customers,2
15950,32,4,1744.71,4,4,4,444,12,Champions,3
15951,9,2,708.22,5,3,3,533,11,Loyal Customers,2
15952,34,4,781.91,3,4,3,343,10,Loyal Customers,3
15953,16,8,1657.28,4,5,4,454,13,Champions,0
15955,25,14,4416.26,4,5,5,455,14,Champions,0
15957,32,1,428.89,4,2,2,422,8,New Customers,2
15958,75,1,104.35,2,2,1,221,5,Lost Customers,1
15963,20,2,470.76,4,3,2,432,9,Loyal Customers,2
15965,18,4,808.87,4,4,3,443,11,Loyal Customers,3
15967,24,2,397.68,4,3,2,432,9,Loyal Customers,2
15969,3,3,666.1,5,4,3,543,12,Loyal Customers,2
15970,304,1,314.1,1,2,2,122,5,Lost Customers,1
15971,18,12,4199.85,4,5,5,455,14,Champions,0
15973,367,1,307.82000000000005,1,2,2,122,5,Lost Customers,1
15974,40,7,3442.15,3,5,5,355,13,Loyal Customers,3
15975,85,1,371.01,2,2,2,222,6,Lost Customers,1
15976,166,2,427.64,2,3,2,232,7,At Risk,1
15977,18,2,1054.73,4,3,4,434,11,Loyal Customers,3
15978,78,1,1098.78,2,2,4,224,8,Hibernating,1
15980,89,3,2398.86,2,4,5,245,11,At Risk,3
15981,25,8,3408.48,4,5,5,455,14,Champions,0
15983,23,4,1465.12,4,4,4,444,12,Champions,3
15984,3,10,2780.63,5,5,5,555,15,Champions,0
15985,124,2,1142.42,2,3,4,234,9,At Risk,3
15986,31,1,168.12,4,2,1,421,7,New Customers,2
15987,13,7,1432.77,5,5,4,554,14,Champions,0
15988,20,1,156.78,4,2,1,421,7,New Customers,2
15990,45,2,792.11,3,3,3,333,9,Loyal Customers,3
15992,4,1,41.989999999999995,5,2,1,521,8,New Customers,2
15993,9,7,2777.67,5,5,5,555,15,Champions,0
15994,55,1,414.27,3,2,2,322,7,Potential Loyalists,2
15996,89,6,1032.58,2,5,4,254,11,At Risk,3
15998,37,5,3080.22,3,4,5,345,12,Loyal Customers,3
16000,3,3,12393.7,5,4,5,545,14,Champions,0
16003,30,5,2735.37,4,4,5,445,13,Champions,3
16005,13,4,578.71,5,4,3,543,12,Loyal Customers,3
16006,212,1,101.4,1,2,1,121,4,Lost Customers,1
16007,48,4,1693.81,3,4,4,344,11,Loyal Customers,3
16008,24,3,478.78,4,4,2,442,10,Loyal Customers,2
16009,23,4,972.11,4,4,4,444,12,Champions,3
16010,246,3,392.4,1,4,2,142,7,Cannot Lose Them,1
16011,9,16,3352.96,5,5,5,555,15,Champions,0
16012,36,3,1415.29,3,4,4,344,11,Loyal Customers,3
16013,4,47,37130.6,5,5,5,555,15,Champions,0
16014,38,3,646.83,3,4,3,343,10,Loyal Customers,3
16015,4,3,704.55,5,4,3,543,12,Loyal Customers,2
16016,4,8,1465.51,5,5,4,554,14,Champions,0
16017,48,1,211.88,3,2,1,321,6,Potential Loyalists,2
16018,40,2,408.90000000000003,3,3,2,332,8,Loyal Customers,2
16019,47,9,3786.2400000000002,3,5,5,355,13,Loyal Customers,0
16020,17,3,851.01,4,4,3,443,11,Loyal Customers,3
16022,261,1,602.63,1,2,3,123,6,About To Sleep,1
16023,47,3,719.81,3,4,3,343,10,Loyal Customers,3
16024,13,1,251.03,5,2,2,522,9,New Customers,2
16025,30,1,439.65999999999997,4,2,2,422,8,New Customers,2
16026,44,1,236.09,3,2,1,321,6,Potential Loyalists,2
16027,92,6,934.62,2,5,4,254,11,At Risk,3
16029,39,63,80850.84,3,5,5,355,13,Loyal Customers,0
16030,310,1,331.24,1,2,2,122,5,Lost Customers,1
16031,93,2,547.9,2,3,3,233,8,At Risk,1
16033,6,20,8778.82,5,5,5,555,15,Champions,0
16034,197,3,437.7,1,4,2,142,7,Cannot Lose Them,1
16036,88,2,758.92,2,3,3,233,8,At Risk,3
16037,270,3,855.02,1,4,3,143,8,Cannot Lose Them,1
16038,8,3,471.78000000000003,5,4,2,542,11,Loyal Customers,2
16040,66,3,1313.55,3,4,4,344,11,Loyal Customers,3
16041,31,3,3166.4,4,4,5,445,13,Champions,3
16042,23,5,1177.47,4,4,4,444,12,Champions,3
16043,38,4,773.99,3,4,3,343,10,Loyal Customers,3
16045,120,4,1340.7,2,4,4,244,10,At Risk,3
16048,374,2,256.44,1,3,2,132,6,About To Sleep,1
16049,41,3,1074.81,3,4,4,344,11,Loyal Customers,3
16050,174,1,137.9,2,2,1,221,5,Lost Customers,1
16052,55,1,362.06,3,2,2,322,7,Potential Loyalists,2
16053,33,2,1511.95,4,3,4,434,11,Loyal Customers,3
16054,146,1,783.9,2,2,3,223,7,Hibernating,1
16055,221,1,134.8,1,2,1,121,4,Lost Customers,1
16056,46,1,650.75,3,2,3,323,8,Potential Loyalists,2
16057,17,7,2263.12,4,5,5,455,14,Champions,0
16059,66,6,1453.16,3,5,4,354,12,Loyal Customers,3
16062,10,4,1153.62,5,4,4,544,13,Champions,3
16063,261,1,335.32,1,2,2,122,5,Lost Customers,1
16065,366,1,367.14,1,2,2,122,5,Lost Customers,1
16066,17,5,1521.04,4,4,4,444,12,Champions,3
16070,23,2,852.15,4,3,3,433,10,Loyal Customers,3
16071,45,1,326.24,3,2,2,322,7,Potential Loyalists,2
16072,289,1,584.3199999999999,1,2,3,123,6,About To Sleep,1
16073,298,1,122.39999999999999,1,2,1,121,4,Lost Customers,1
16076,4,10,2234.73,5,5,5,555,15,Champions,0
16078,284,1,79.2,1,2,1,121,4,Lost Customers,1
16079,17,3,1352.0,4,4,4,444,12,Champions,3
16080,82,2,217.16,2,3,1,231,6,At Risk,1
16081,57,5,2799.42,3,4,5,345,12,Loyal Customers,3
16083,101,2,1317.62,2,3,4,234,9,At Risk,3
16084,300,1,436.18,1,2,2,122,5,Lost Customers,1
16085,24,5,981.51,4,4,4,444,12,Champions,3
16086,60,5,1121.39,3,4,4,344,11,Loyal Customers,3
16091,155,2,315.06,2,3,2,232,7,At Risk,1
16092,115,3,817.86,2,4,3,243,9,At Risk,3
16093,107,1,17.0,2,2,1,221,5,Lost Customers,1
16094,12,4,1078.23,5,4,4,544,13,Champions,3
16096,265,1,320.62,1,2,2,122,5,Lost Customers,1
16097,241,1,185.04999999999998,1,2,1,121,4,Lost Customers,1
16098,88,7,2005.63,2,5,4,254,11,At Risk,3
16099,51,3,731.9,3,4,3,343,10,Loyal Customers,3
16101,71,1,1290.7,3,2,4,324,9,Potential Loyalists,3
16102,43,3,1842.14,3,4,4,344,11,Loyal Customers,3
16103,8,6,1429.64,5,5,4,554,14,Champions,0
16104,62,1,298.21,3,2,2,322,7,Potential Loyalists,2
16105,249,1,336.96,1,2,2,122,5,Lost Customers,1
16106,66,1,108.38,3,2,1,321,6,Potential Loyalists,2
16107,18,7,3204.1600000000003,4,5,5,455,14,Champions,0
16108,85,1,842.5,2,2,3,223,7,Hibernating,1
16109,219,2,611.88,1,3,3,133,7,About To Sleep,1
16110,46,3,1320.95,3,4,4,344,11,Loyal Customers,3
16112,144,4,195.73999999999998,2,4,1,241,7,At Risk,1
16113,184,1,161.38,1,2,1,121,4,Lost Customers,1
16114,171,1,135.75000000000003,2,2,1,221,5,Lost Customers,1
16115,10,8,1660.8799999999999,5,5,4,554,14,Champions,0
16116,212,1,612.78,1,2,3,123,6,About To Sleep,1
16117,190,1,232.21,1,2,1,121,4,Lost Customers,1
16119,9,2,423.36,5,3,2,532,10,Loyal Customers,2
16120,60,4,1309.14,3,4,4,344,11,Loyal Customers,3
16121,58,2,854.66,3,3,3,333,9,Loyal Customers,3
16122,74,4,684.4200000000001,2,4,3,243,9,At Risk,3
16123,52,1,307.78,3,2,2,322,7,Potential Loyalists,2
16124,318,1,249.0,1,2,1,121,4,Lost Customers,1
16125,368,1,289.35,1,2,2,122,5,Lost Customers,1
16126,30,4,6287.77,4,4,5,445,13,Champions,3
16127,40,1,656.25,3,2,3,323,8,Potential Loyalists,2
16128,18,5,1880.22,4,4,4,444,12,Champions,3
16131,52,6,3506.54,3,5,5,355,13,Loyal Customers,3
16133,4,33,14589.04,5,5,5,555,15,Champions,0
16134,22,2,618.09,4,3,3,433,10,Loyal Customers,2
16135,263,1,517.55,1,2,3,123,6,About To Sleep,1
16136,60,3,709.38,3,4,3,343,10,Loyal Customers,3
16139,19,3,635.41,4,4,3,443,11,Loyal Customers,3
16140,66,2,725.18,3,3,3,333,9,Loyal Customers,3
16141,89,1,620.4,2,2,3,223,7,Hibernating,1
16142,250,1,535.34,1,2,3,123,6,About To Sleep,1
16143,4,6,2424.94,5,5,5,555,15,Champions,0
16144,247,1,175.2,1,2,1,121,4,Lost Customers,1
16145,9,11,3799.4900000000002,5,5,5,555,15,Champions,0
16146,158,3,734.13,2,4,3,243,9,At Risk,1
16147,134,1,375.0,2,2,2,222,6,Lost Customers,1
16148,297,1,76.32000000000001,1,2,1,121,4,Lost Customers,1
16149,5,2,280.52,5,3,2,532,10,Loyal Customers,2
16150,43,5,2053.02,3,4,4,344,11,Loyal Customers,3
16152,269,1,1829.04,1,2,4,124,7,About To Sleep,1
16153,50,5,1824.23,3,4,4,344,11,Loyal Customers,3
16156,9,9,3092.04,5,5,5,555,15,Champions,0
16157,16,3,656.69,4,4,3,443,11,Loyal Customers,3
16159,282,1,348.2,1,2,2,122,5,Lost Customers,1
16160,66,2,1025.44,3,3,4,334,10,Loyal Customers,3
16161,2,19,5533.67,5,5,5,555,15,Champions,0
16162,253,1,37.4,1,2,1,121,4,Lost Customers,1
16163,233,2,856.6,1,3,3,133,7,About To Sleep,1
16164,18,3,822.48,4,4,3,443,11,Loyal Customers,3
16168,11,27,3787.6,5,5,5,555,15,Champions,0
16169,9,4,1822.97,5,4,4,544,13,Champions,3
16170,51,6,1885.05,3,5,4,354,12,Loyal Customers,3
16171,60,1,73.2,3,2,1,321,6,Potential Loyalists,2
16172,96,5,1140.21,2,4,4,244,10,At Risk,3
16173,16,6,1418.32,4,5,4,454,13,Champions,3
16174,127,3,1009.5500000000001,2,4,4,244,10,At Risk,3
16175,95,4,1037.59,2,4,4,244,10,At Risk,3
16177,51,1,331.95,3,2,2,322,7,Potential Loyalists,2
16178,139,1,197.9,2,2,1,221,5,Lost Customers,1
16179,61,1,215.83,3,2,1,321,6,Potential Loyalists,2
16180,101,8,10254.18,2,5,5,255,12,At Risk,0
16181,74,1,305.54,2,2,2,222,6,Lost Customers,1
16182,73,4,6617.65,2,4,5,245,11,At Risk,3
16183,68,1,338.71000000000004,3,2,2,322,7,Potential Loyalists,2
16184,65,6,1158.79,3,5,4,354,12,Loyal Customers,3
16185,17,2,529.41,4,3,3,433,10,Loyal Customers,2
16186,23,12,4006.94,4,5,5,455,14,Champions,0
16187,32,15,6911.4400000000005,4,5,5,455,14,Champions,0
16188,45,4,981.86,3,4,4,344,11,Loyal Customers,3
16189,16,2,215.48,4,3,1,431,8,Loyal Customers,2
16190,41,1,215.08,3,2,1,321,6,Potential Loyalists,2
16191,3,13,5180.52,5,5,5,555,15,Champions,0
16193,237,1,314.45,1,2,2,122,5,Lost Customers,1
16198,76,1,400.68100000000004,2,2,2,222,6,Lost Customers,1
16200,5,2,1068.8700000000001,5,3,4,534,12,Loyal Customers,3
16201,4,4,1863.47,5,4,4,544,13,Champions,0
16202,361,1,365.27,1,2,2,122,5,Lost Customers,1
16203,59,4,592.9,3,4,3,343,10,Loyal Customers,3
16204,24,1,384.18,4,2,2,422,8,New Customers,2
16205,31,4,757.63,4,4,3,443,11,Loyal Customers,3
16206,55,4,537.0600000000001,3,4,3,343,10,Loyal Customers,3
16207,26,1,394.38,4,2,2,422,8,New Customers,2
16208,45,2,664.26,3,3,3,333,9,Loyal Customers,3
16209,89,5,2262.62,2,4,5,245,11,At Risk,3
16210,2,18,21086.3,5,5,5,555,15,Champions,0
16211,89,1,547.02,2,2,3,223,7,Hibernating,1
16212,20,2,690.34,4,3,3,433,10,Loyal Customers,2
16213,79,1,159.0,2,2,1,221,5,Lost Customers,1
16214,171,3,1062.75,2,4,4,244,10,At Risk,3
16215,81,1,242.35,2,2,1,221,5,Lost Customers,1
16216,268,1,914.9300000000001,1,2,3,123,6,About To Sleep,1
16217,236,2,304.25,1,3,2,132,6,About To Sleep,1
16218,30,7,3084.68,4,5,5,455,14,Champions,3
16221,37,3,860.86,3,4,3,343,10,Loyal Customers,3
16222,319,1,773.5500000000001,1,2,3,123,6,About To Sleep,1
16224,58,4,1295.3,3,4,4,344,11,Loyal Customers,3
16225,45,5,1096.32,3,4,4,344,11,Loyal Customers,3
16226,204,3,255.12,1,4,2,142,7,Cannot Lose Them,1
16227,226,1,314.22,1,2,2,122,5,Lost Customers,1
16229,88,2,1010.6,2,3,4,234,9,At Risk,3
16230,190,2,542.03,1,3,3,133,7,About To Sleep,1
16232,44,4,990.88,3,4,4,344,11,Loyal Customers,3
16233,72,3,536.6800000000001,3,4,3,343,10,Loyal Customers,3
16235,41,5,867.31,3,4,3,343,10,Loyal Customers,3
16236,79,1,432.2,2,2,2,222,6,Lost Customers,1
16239,57,2,414.2,3,3,2,332,8,Loyal Customers,2
16240,25,2,3718.8,4,3,5,435,12,Loyal Customers,3
16241,10,13,2590.31,5,5,5,555,15,Champions,0
16242,9,7,3579.86,5,5,5,555,15,Champions,0
16243,34,2,409.1,3,3,2,332,8,Loyal Customers,2
16244,212,2,1522.75,1,3,4,134,8,About To Sleep,1
16245,24,3,1413.66,4,4,4,444,12,Champions,3
16247,171,1,114.56,2,2,1,221,5,Lost Customers,1
16248,62,1,152.94,3,2,1,321,6,Potential Loyalists,2
16249,53,5,1800.07,3,4,4,344,11,Loyal Customers,3
16250,262,2,389.44,1,3,2,132,6,About To Sleep,1
16253,67,2,3683.86,3,3,5,335,11,Loyal Customers,3
16255,17,8,2619.91,4,5,5,455,14,Champions,0
16256,267,1,752.4300000000001,1,2,3,123,6,About To Sleep,1
16257,177,1,46.95,2,2,1,221,5,Lost Customers,1
16258,46,5,5203.51,3,4,5,345,12,Loyal Customers,3
16260,51,1,1035.45,3,2,4,324,9,Potential Loyalists,2
16261,18,4,728.54,4,4,3,443,11,Loyal Customers,3
16265,10,9,5447.0,5,5,5,555,15,Champions,0
16266,74,7,861.89,2,5,3,253,10,At Risk,3
16268,72,2,667.65,3,3,3,333,9,Loyal Customers,3
16270,354,1,1141.24,1,2,4,124,7,About To Sleep,1
16271,3,5,1404.64,5,4,4,544,13,Champions,0
16272,117,1,411.7,2,2,2,222,6,Lost Customers,1
16274,374,1,351.75,1,2,2,122,5,Lost Customers,1
16275,197,1,559.87,1,2,3,123,6,About To Sleep,1
16276,177,1,810.6000000000001,2,2,3,223,7,Hibernating,1
16278,101,1,566.38,2,2,3,223,7,Hibernating,1
16279,22,3,1502.78,4,4,4,444,12,Champions,3
16281,73,1,2062.06,2,2,5,225,9,Hibernating,3
16282,340,1,168.3,1,2,1,121,4,Lost Customers,1
16283,6,5,1570.81,5,4,4,544,13,Champions,0
16284,32,2,812.68,4,3,3,433,10,Loyal Customers,3
16287,170,1,142.5,2,2,1,221,5,Lost Customers,1
16292,122,1,302.25,2,2,2,222,6,Lost Customers,1
16293,22,10,2248.9900000000002,4,5,5,455,14,Champions,0
16295,10,4,1328.55,5,4,4,544,13,Champions,3
16297,269,1,301.9,1,2,2,122,5,Lost Customers,1
16298,23,3,598.2,4,4,3,443,11,Loyal Customers,3
16302,127,1,233.22,2,2,1,221,5,Lost Customers,1
16303,26,3,5360.63,4,4,5,445,13,Champions,3
16305,139,1,361.21999999999997,2,2,2,222,6,Lost Customers,1
16306,214,6,632.27,1,5,3,153,9,Cannot Lose Them,3
16308,38,4,2560.0,3,4,5,345,12,Loyal Customers,3
16309,107,2,706.57,2,3,3,233,8,At Risk,1
16311,18,2,616.26,4,3,3,433,10,Loyal Customers,2
16313,4,2,274.15000000000003,5,3,2,532,10,Loyal Customers,2
16315,331,1,226.37,1,2,1,121,4,Lost Customers,1
16316,65,8,2938.91,3,5,5,355,13,Loyal Customers,3
16317,120,3,1341.65,2,4,4,244,10,At Risk,3
16318,36,1,328.15,3,2,2,322,7,Potential Loyalists,2
16319,218,1,404.40000000000003,1,2,2,122,5,Lost Customers,1
16320,173,2,1038.46,2,3,4,234,9,At Risk,1
16321,73,5,373.65000000000003,2,4,2,242,8,At Risk,3
16322,2,2,326.75,5,3,2,532,10,Loyal Customers,2
16323,197,1,207.50000000000003,1,2,1,121,4,Lost Customers,1
16324,129,3,408.59000000000003,2,4,2,242,8,At Risk,1
16325,47,3,594.24,3,4,3,343,10,Loyal Customers,3
16326,6,14,3039.2200000000003,5,5,5,555,15,Champions,0
16327,15,6,3820.27,4,5,5,455,14,Champions,0
16330,18,3,251.91,4,4,2,442,10,Loyal Customers,2
16332,29,7,1582.8,4,5,4,454,13,Champions,3
16333,8,22,26626.8,5,5,5,555,15,Champions,0
16337,37,1,151.05,3,2,1,321,6,Potential Loyalists,2
16338,158,1,214.79999999999998,2,2,1,221,5,Lost Customers,1
16339,285,1,94.05,1,2,1,121,4,Lost Customers,1
16340,108,1,534.31,2,2,3,223,7,Hibernating,1
16341,25,4,1971.87,4,4,4,444,12,Champions,3
16342,76,4,322.41,2,4,2,242,8,At Risk,3
16343,17,2,328.58,4,3,2,432,9,Loyal Customers,2
16344,159,1,101.10000000000001,2,2,1,221,5,Lost Customers,1
16345,45,1,565.46,3,2,3,323,8,Potential Loyalists,2
16347,12,2,847.45,5,3,3,533,11,Loyal Customers,2
16348,33,7,1415.65,4,5,4,454,13,Champions,3
16349,291,1,53.5,1,2,1,121,4,Lost Customers,1
16350,22,4,1116.47,4,4,4,444,12,Champions,3
16351,333,1,153.9,1,2,1,121,4,Lost Customers,1
16352,18,2,494.44,4,3,3,433,10,Loyal Customers,2
16353,4,23,6675.71,5,5,5,555,15,Champions,0
16354,64,2,395.8,3,3,2,332,8,Loyal Customers,2
16356,198,3,211.77,1,4,1,141,6,Cannot Lose Them,1
16357,34,3,658.88,3,4,3,343,10,Loyal Customers,3
16358,2,4,2027.5,5,4,4,544,13,Champions,0
16359,8,9,1750.92,5,5,4,554,14,Champions,0
16360,5,6,3450.41,5,5,5,555,15,Champions,0
16361,10,4,891.21,5,4,3,543,12,Loyal Customers,3
16362,33,5,709.99,4,4,3,443,11,Loyal Customers,3
16363,54,1,109.36000000000001,3,2,1,321,6,Potential Loyalists,2
16364,12,2,705.79,5,3,3,533,11,Loyal Customers,2
16365,18,9,1540.42,4,5,4,454,13,Champions,0
16366,19,1,327.3,4,2,2,422,8,New Customers,2
16367,38,2,800.67,3,3,3,333,9,Loyal Customers,3
16368,3,2,479.91,5,3,2,532,10,Loyal Customers,2
16369,19,3,1545.41,4,4,4,444,12,Champions,3
16370,83,4,1301.91,2,4,4,244,10,At Risk,3
16372,34,2,355.73,3,3,2,332,8,Loyal Customers,2
16374,67,2,466.73,3,3,2,332,8,Loyal Customers,2
16376,9,2,974.96,5,3,4,534,12,Loyal Customers,3
16377,268,1,676.2,1,2,3,123,6,About To Sleep,1
16378,248,3,362.95,1,4,2,142,7,Cannot Lose Them,1
16379,5,4,2157.4,5,4,5,545,14,Champions,0
16380,62,1,1743.1499999999999,3,2,4,324,9,Potential Loyalists,3
16383,75,2,643.76,2,3,3,233,8,At Risk,3
16384,90,2,584.5,2,3,3,233,8,At Risk,1
16385,61,3,554.86,3,4,3,343,10,Loyal Customers,3
16386,29,2,302.57,4,3,2,432,9,Loyal Customers,2
16387,323,1,94.36,1,2,1,121,4,Lost Customers,1
16389,54,4,1382.07,3,4,4,344,11,Loyal Customers,3
16392,270,1,217.89,1,2,1,121,4,Lost Customers,1
16393,3,13,3040.96,5,5,5,555,15,Champions,0
16394,57,5,1555.34,3,4,4,344,11,Loyal Customers,3
16395,61,5,1482.06,3,4,4,344,11,Loyal Customers,3
16398,155,2,1705.8,2,3,4,234,9,At Risk,3
16399,20,2,408.02,4,3,2,432,9,Loyal Customers,2
16400,95,1,303.93,2,2,2,222,6,Lost Customers,1
16401,2,12,4098.32,5,5,5,555,15,Champions,0
16402,265,2,293.45,1,3,2,132,6,About To Sleep,1
16403,313,1,177.5,1,2,1,121,4,Lost Customers,1
16404,71,1,443.05,3,2,2,322,7,Potential Loyalists,2
16405,303,2,167.25,1,3,1,131,5,About To Sleep,1
16406,19,1,154.35,4,2,1,421,7,New Customers,2
16407,13,10,2079.68,5,5,5,555,15,Champions,0
16409,37,5,2022.98,3,4,4,344,11,Loyal Customers,3
16411,20,2,211.7,4,3,1,431,8,Loyal Customers,2
16412,54,1,135.99,3,2,1,321,6,Potential Loyalists,2
16413,57,1,262.2,3,2,2,322,7,Potential Loyalists,2
16414,22,2,126.25,4,3,1,431,8,Loyal Customers,2
16415,45,1,200.27,3,2,1,321,6,Potential Loyalists,2
16416,27,3,1051.4,4,4,4,444,12,Champions,3
16418,45,3,631.12,3,4,3,343,10,Loyal Customers,3
16419,113,6,958.71,2,5,4,254,11,At Risk,3
16422,18,51,34684.4,4,5,5,455,14,Champions,0
16423,25,1,346.12,4,2,2,422,8,New Customers,2
16424,192,1,133.56,1,2,1,121,4,Lost Customers,1
16425,303,1,302.7,1,2,2,122,5,Lost Customers,1
16426,3,10,1863.76,5,5,4,554,14,Champions,0
16427,264,2,241.06,1,3,1,131,5,About To Sleep,1
16429,107,1,284.55,2,2,2,222,6,Lost Customers,1
16430,58,1,300.85,3,2,2,322,7,Potential Loyalists,2
16431,214,3,623.28,1,4,3,143,8,Cannot Lose Them,1
16432,65,1,287.4,3,2,2,322,7,Potential Loyalists,2
16433,29,1,184.26,4,2,1,421,7,New Customers,2
16434,30,7,1511.8,4,5,4,454,13,Champions,3
16438,6,5,798.35,5,4,3,543,12,Loyal Customers,3
16440,8,5,3640.67,5,4,5,545,14,Champions,0
16441,68,2,381.2,3,3,2,332,8,Loyal Customers,2
16442,2,3,609.3,5,4,3,543,12,Loyal Customers,2
16444,47,4,654.67,3,4,3,343,10,Loyal Customers,3
16445,34,1,230.51,3,2,1,321,6,Potential Loyalists,2
16446,1,2,168472.5,5,3,5,535,13,Loyal Customers,0
16447,136,1,255.91,2,2,2,222,6,Lost Customers,1
16448,199,1,182.99,1,2,1,121,4,Lost Customers,1
16449,198,2,707.69,1,3,3,133,7,About To Sleep,1
16450,150,1,311.92,2,2,2,222,6,Lost Customers,1
16451,88,1,266.97,2,2,2,222,6,Lost Customers,1
16454,45,2,6.9,3,3,1,331,7,Loyal Customers,2
16455,64,7,1841.18,3,5,4,354,12,Loyal Customers,3
16456,100,5,2158.18,2,4,5,245,11,At Risk,3
16457,219,1,208.36,1,2,1,121,4,Lost Customers,1
16458,3,18,3482.7400000000002,5,5,5,555,15,Champions,0
16460,29,3,811.23,4,4,3,443,11,Loyal Customers,3
16461,178,1,142.92,2,2,1,221,5,Lost Customers,1
16462,74,3,136.0,2,4,1,241,7,At Risk,2
16463,22,4,1422.4,4,4,4,444,12,Champions,3
16464,20,3,1298.66,4,4,4,444,12,Champions,3
16466,34,7,1595.96,3,5,4,354,12,Loyal Customers,3
16468,75,1,74.9,2,2,1,221,5,Lost Customers,1
16469,24,4,625.42,4,4,3,443,11,Loyal Customers,3
16470,52,4,752.77,3,4,3,343,10,Loyal Customers,3
16471,275,1,223.95000000000002,1,2,1,121,4,Lost Customers,1
16473,165,3,316.11,2,4,2,242,8,At Risk,1
16474,8,7,1810.65,5,5,4,554,14,Champions,0
16475,89,4,544.3,2,4,3,243,9,At Risk,3
16477,64,7,2494.46,3,5,5,355,13,Loyal Customers,3
16478,26,3,331.0,4,4,2,442,10,Loyal Customers,2
16479,11,2,300.83,5,3,2,532,10,Loyal Customers,2
16480,76,1,769.29,2,2,3,223,7,Hibernating,1
16482,16,1,220.62,4,2,1,421,7,New Customers,2
16483,193,1,139.35,1,2,1,121,4,Lost Customers,1
16484,174,2,404.3,2,3,2,232,7,At Risk,1
16485,78,1,363.65,2,2,2,222,6,Lost Customers,1
16488,34,3,498.8,3,4,3,343,10,Loyal Customers,3
16491,47,1,731.5,3,2,3,323,8,Potential Loyalists,2
16493,80,4,1351.63,2,4,4,244,10,At Risk,3
16494,297,1,826.53,1,2,3,123,6,About To Sleep,1
16495,4,3,648.26,5,4,3,543,12,Loyal Customers,2
16496,9,3,1599.52,5,4,4,544,13,Champions,3
16497,50,6,2965.69,3,5,5,355,13,Loyal Customers,3
16498,162,2,100.97,2,3,1,231,6,At Risk,1
16499,361,2,365.45,1,3,2,132,6,About To Sleep,1
16500,5,6,400.86,5,5,2,552,12,Loyal Customers,3
16503,107,4,1431.93,2,4,4,244,10,At Risk,3
16504,26,1,465.88,4,2,2,422,8,New Customers,2
16505,32,1,777.6,4,2,3,423,9,New Customers,2
16506,20,2,90.30000000000001,4,3,1,431,8,Loyal Customers,2
16509,297,1,363.7,1,2,2,122,5,Lost Customers,1
16510,373,1,248.1,1,2,1,121,4,Lost Customers,1
16511,22,3,918.33,4,4,3,443,11,Loyal Customers,3
16513,5,4,874.59,5,4,3,543,12,Loyal Customers,3
16515,53,5,1624.14,3,4,4,344,11,Loyal Customers,3
16516,31,1,101.69999999999999,4,2,1,421,7,New Customers,2
16517,278,1,162.7,1,2,1,121,4,Lost Customers,1
16518,62,2,484.32,3,3,2,332,8,Loyal Customers,2
16519,26,2,215.07999999999998,4,3,1,431,8,Loyal Customers,2
16520,187,3,1046.57,1,4,4,144,9,Cannot Lose Them,3
16523,2,21,9418.470000000001,5,5,5,555,15,Champions,0
16525,3,26,13027.45,5,5,5,555,15,Champions,0
16526,172,1,290.36,2,2,2,222,6,Lost Customers,1
16527,82,1,228.06,2,2,1,221,5,Lost Customers,1
16528,4,1,244.41,5,2,1,521,8,New Customers,2
16529,191,1,455.25,1,2,2,122,5,Lost Customers,1
16531,23,7,1244.59,4,5,4,454,13,Champions,3
16532,18,3,6748.8,4,4,5,445,13,Champions,3
16533,20,3,1082.81,4,4,4,444,12,Champions,3
16535,6,1,593.75,5,2,3,523,10,New Customers,2
16536,111,1,548.12,2,2,3,223,7,Hibernating,1
16539,3,4,1388.81,5,4,4,544,13,Champions,0
16542,54,1,119.62,3,2,1,321,6,Potential Loyalists,2
16545,165,1,339.3,2,2,2,222,6,Lost Customers,1
16546,291,2,787.15,1,3,3,133,7,About To Sleep,1
16549,11,10,4034.9,5,5,5,555,15,Champions,0
16550,109,5,2298.97,2,4,5,245,11,At Risk,3
16551,96,3,922.12,2,4,3,243,9,At Risk,3
16552,243,2,379.73,1,3,2,132,6,About To Sleep,1
16553,164,12,5719.82,2,5,5,255,12,At Risk,0
16554,43,3,837.1,3,4,3,343,10,Loyal Customers,3
16555,36,2,285.89,3,3,2,332,8,Loyal Customers,2
16556,67,7,3313.79,3,5,5,355,13,Loyal Customers,3
16557,25,2,281.85,4,3,2,432,9,Loyal Customers,2
16558,1,20,8338.49,5,5,5,555,15,Champions,0
16560,27,2,841.41,4,3,3,433,10,Loyal Customers,3
16561,6,2,511.12,5,3,3,533,11,Loyal Customers,2
16563,54,1,1077.74,3,2,4,324,9,Potential Loyalists,2
16565,365,1,173.7,1,2,1,121,4,Lost Customers,1
16566,16,5,614.66,4,4,3,443,11,Loyal Customers,3
16567,195,2,865.6,1,3,3,133,7,About To Sleep,1
16569,4,1,124.2,5,2,1,521,8,New Customers,2
16570,16,10,3738.4,4,5,5,455,14,Champions,0
16571,27,3,1421.69,4,4,4,444,12,Champions,3
16572,128,3,1009.6,2,4,4,244,10,At Risk,3
16573,85,2,663.61,2,3,3,233,8,At Risk,1
16574,72,1,451.44,3,2,2,322,7,Potential Loyalists,1
16581,183,1,105.84,1,2,1,121,4,Lost Customers,1
16582,114,1,313.62,2,2,2,222,6,Lost Customers,1
16583,374,1,233.45,1,2,1,121,4,Lost Customers,1
16584,81,2,936.08,2,3,4,234,9,At Risk,3
16586,249,1,463.95,1,2,2,122,5,Lost Customers,1
16587,233,1,225.15,1,2,1,121,4,Lost Customers,1
16589,72,3,459.24,3,4,2,342,9,Loyal Customers,3
16591,69,1,213.5,3,2,1,321,6,Potential Loyalists,2
16592,5,16,4113.68,5,5,5,555,15,Champions,0
16593,51,3,330.03,3,4,2,342,9,Loyal Customers,2
16594,76,1,181.09,2,2,1,221,5,Lost Customers,1
16595,62,1,360.16,3,2,2,322,7,Potential Loyalists,2
16596,16,2,250.15,4,3,2,432,9,Loyal Customers,2
16597,5,1,90.04,5,2,1,521,8,New Customers,2
16598,286,1,145.04999999999998,1,2,1,121,4,Lost Customers,1
16600,5,6,813.52,5,5,3,553,13,Loyal Customers,0
16601,41,1,242.7,3,2,1,321,6,Potential Loyalists,2
16602,37,1,528.08,3,2,3,323,8,Potential Loyalists,2
16603,75,2,482.47,2,3,2,232,7,At Risk,1
16607,18,14,3347.71,4,5,5,455,14,Champions,0
16609,16,7,5493.46,4,5,5,455,14,Champions,0
16610,220,1,75.66,1,2,1,121,4,Lost Customers,1
16611,187,1,129.49,1,2,1,121,4,Lost Customers,1
16612,33,4,1187.66,4,4,4,444,12,Champions,3
16613,71,1,618.59,3,2,3,323,8,Potential Loyalists,2
16614,183,1,506.19,1,2,3,123,6,About To Sleep,1
16616,16,2,500.42,4,3,3,433,10,Loyal Customers,2
16617,236,1,151.85,1,2,1,121,4,Lost Customers,1
16618,32,5,2647.59,4,4,5,445,13,Champions,3
16619,264,1,226.21,1,2,1,121,4,Lost Customers,1
16620,4,2,178.96,5,3,1,531,9,Loyal Customers,2
16621,52,4,813.48,3,4,3,343,10,Loyal Customers,3
16623,246,1,129.45,1,2,1,121,4,Lost Customers,1
16624,81,2,810.5699999999999,2,3,3,233,8,At Risk,3
16625,275,1,333.08,1,2,2,122,5,Lost Customers,1
16626,1,17,4413.1,5,5,5,555,15,Champions,0
16627,80,1,322.8,2,2,2,222,6,Lost Customers,1
16628,30,5,2188.05,4,4,5,445,13,Champions,3
16629,74,2,408.63,2,3,2,232,7,At Risk,1
16633,18,6,2883.1,4,5,5,455,14,Champions,0
16634,223,2,217.9,1,3,1,131,5,About To Sleep,1
16637,33,4,1154.47,4,4,4,444,12,Champions,3
16638,23,10,1680.72,4,5,4,454,13,Champions,0
16639,32,3,1257.51,4,4,4,444,12,Champions,3
16641,106,1,231.10000000000002,2,2,1,221,5,Lost Customers,1
16642,5,2,688.33,5,3,3,533,11,Loyal Customers,2
16643,246,1,487.51,1,2,3,123,6,About To Sleep,1
16644,178,2,833.78,2,3,3,233,8,At Risk,1
16647,170,2,214.06,2,3,1,231,6,At Risk,1
16648,43,1,290.65999999999997,3,2,2,322,7,Potential Loyalists,2
16650,72,1,518.42,3,2,3,323,8,Potential Loyalists,1
16652,59,7,6773.97,3,5,5,355,13,Loyal Customers,0
16653,17,2,1212.66,4,3,4,434,11,Loyal Customers,3
16654,142,4,601.27,2,4,3,243,9,At Risk,3
16655,18,6,3789.52,4,5,5,455,14,Champions,0
16656,23,15,8625.8,4,5,5,455,14,Champions,0
16657,10,4,874.43,5,4,3,543,12,Loyal Customers,3
16658,369,1,123.24,1,2,1,121,4,Lost Customers,1
16659,190,1,39.12,1,2,1,121,4,Lost Customers,1
16660,17,4,1267.6499999999999,4,4,4,444,12,Champions,3
16665,363,1,135.39999999999998,1,2,1,121,4,Lost Customers,1
16666,20,1,118.98,4,2,1,421,7,New Customers,2
16667,69,2,567.1800000000001,3,3,3,333,9,Loyal Customers,2
16668,16,6,306.71999999999997,4,5,2,452,11,Loyal Customers,3
16669,24,3,1348.88,4,4,4,444,12,Champions,3
16670,17,11,4095.9,4,5,5,455,14,Champions,0
16671,29,3,1692.27,4,4,4,444,12,Champions,3
16672,3,20,8134.9400000000005,5,5,5,555,15,Champions,0
16674,55,2,304.24,3,3,2,332,8,Loyal Customers,2
16676,34,4,1592.1200000000001,3,4,4,344,11,Loyal Customers,3
16678,3,12,3109.99,5,5,5,555,15,Champions,0
16679,367,1,129.75,1,2,1,121,4,Lost Customers,1
16680,44,1,183.7,3,2,1,321,6,Potential Loyalists,2
16681,73,6,1770.34,2,5,4,254,11,At Risk,3
16682,5,5,1028.0,5,4,4,544,13,Champions,3
16684,5,28,66653.56,5,5,5,555,15,Champions,0
16685,62,2,324.24,3,3,2,332,8,Loyal Customers,2
16686,48,7,2959.88,3,5,5,355,13,Loyal Customers,3
16688,2,4,1260.86,5,4,4,544,13,Champions,0
16689,76,2,422.59999999999997,2,3,2,232,7,At Risk,1
16690,73,2,225.57999999999998,2,3,1,231,6,At Risk,2
16692,257,2,1276.0,1,3,4,134,8,About To Sleep,1
16693,69,2,477.86,3,3,2,332,8,Loyal Customers,2
16696,136,4,657.9000000000001,2,4,3,243,9,At Risk,3
16697,242,1,112.75,1,2,1,121,4,Lost Customers,1
16698,227,2,1998.0,1,3,4,134,8,About To Sleep,3
16700,9,13,5076.55,5,5,5,555,15,Champions,0
16701,9,13,5398.3,5,5,5,555,15,Champions,0
16705,1,20,14034.99,5,5,5,555,15,Champions,0
16706,38,3,531.35,3,4,3,343,10,Loyal Customers,3
16708,46,1,656.63,3,2,3,323,8,Potential Loyalists,2
16709,85,5,3029.87,2,4,5,245,11,At Risk,3
16710,20,10,2467.99,4,5,5,455,14,Champions,0
16711,4,5,1651.03,5,4,4,544,13,Champions,0
16712,10,11,3611.31,5,5,5,555,15,Champions,0
16713,19,15,6910.78,4,5,5,455,14,Champions,0
16714,219,3,1129.06,1,4,4,144,9,Cannot Lose Them,3
16715,79,1,301.71999999999997,2,2,2,222,6,Lost Customers,1
16716,267,2,901.2,1,3,3,133,7,About To Sleep,1
16717,24,6,3843.08,4,5,5,455,14,Champions,0
16718,370,1,606.0500000000001,1,2,3,123,6,About To Sleep,1
16719,15,7,1770.22,4,5,4,454,13,Champions,0
16720,27,1,152.95,4,2,1,421,7,New Customers,2
16721,263,1,292.47,1,2,2,122,5,Lost Customers,1
16722,18,13,4730.81,4,5,5,455,14,Champions,0
16723,92,2,576.4,2,3,3,233,8,At Risk,1
16725,303,7,758.27,1,5,3,153,9,Cannot Lose Them,3
16726,27,5,1358.74,4,4,4,444,12,Champions,3
16727,365,1,256.32,1,2,2,122,5,Lost Customers,1
16728,47,4,1048.28,3,4,4,344,11,Loyal Customers,3
16729,39,21,7205.33,3,5,5,355,13,Loyal Customers,0
16730,53,3,743.11,3,4,3,343,10,Loyal Customers,3
16732,32,1,603.75,4,2,3,423,9,New Customers,2
16734,53,3,646.76,3,4,3,343,10,Loyal Customers,3
16735,79,5,2247.41,2,4,5,245,11,At Risk,3
16737,54,1,417.59999999999997,3,2,2,322,7,Potential Loyalists,2
16738,298,1,3.75,1,2,1,121,4,Lost Customers,1
16739,177,1,323.0,2,2,2,222,6,Lost Customers,1
16742,47,1,464.9,3,2,2,322,7,Potential Loyalists,2
16743,30,7,2213.13,4,5,5,455,14,Champions,3
16744,12,7,1291.91,5,5,4,554,14,Champions,0
16745,87,17,7180.7,2,5,5,255,12,At Risk,0
16746,5,18,6680.11,5,5,5,555,15,Champions,0
16747,38,2,836.06,3,3,3,333,9,Loyal Customers,3
16748,18,5,1515.9,4,4,4,444,12,Champions,3
16750,45,5,623.93,3,4,3,343,10,Loyal Customers,3
16751,31,1,1764.72,4,2,4,424,10,New Customers,3
16752,373,1,207.5,1,2,1,121,4,Lost Customers,1
16753,59,1,223.92000000000002,3,2,1,321,6,Potential Loyalists,2
16754,373,1,2002.4,1,2,4,124,7,About To Sleep,1
16755,115,3,1475.43,2,4,4,244,10,At Risk,3
16756,215,1,239.4,1,2,1,121,4,Lost Customers,1
16757,319,1,106.83000000000001,1,2,1,121,4,Lost Customers,1
16758,66,1,369.34000000000003,3,2,2,322,7,Potential Loyalists,2
16759,8,3,789.79,5,4,3,543,12,Loyal Customers,3
16761,97,1,316.62,2,2,2,222,6,Lost Customers,1
16762,20,3,1207.24,4,4,4,444,12,Champions,3
16763,199,1,611.85,1,2,3,123,6,About To Sleep,1
16764,4,13,2790.9500000000003,5,5,5,555,15,Champions,0
16765,295,1,34.0,1,2,1,121,4,Lost Customers,1
16766,274,2,1145.6,1,3,4,134,8,About To Sleep,1
16767,31,11,5575.56,4,5,5,455,14,Champions,0
16768,48,3,478.09000000000003,3,4,2,342,9,Loyal Customers,3
16769,261,1,361.54,1,2,2,122,5,Lost Customers,1
16770,58,5,757.1,3,4,3,343,10,Loyal Customers,3
16771,34,5,2242.61,3,4,5,345,12,Loyal Customers,3
16773,58,1,171.59,3,2,1,321,6,Potential Loyalists,2
16774,68,4,661.52,3,4,3,343,10,Loyal Customers,3
16775,11,11,1691.51,5,5,4,554,14,Champions,0
16776,61,1,371.54,3,2,2,322,7,Potential Loyalists,2
16777,81,2,222.62,2,3,1,231,6,At Risk,1
16778,75,2,245.94,2,3,1,231,6,At Risk,1
16779,3,22,10611.720000000001,5,5,5,555,15,Champions,0
16780,101,2,422.24,2,3,2,232,7,At Risk,1
16781,373,1,311.25,1,2,2,122,5,Lost Customers,1
16782,11,13,2267.9500000000003,5,5,5,555,15,Champions,0
16784,20,1,107.6,4,2,1,421,7,New Customers,2
16788,124,2,594.39,2,3,3,233,8,At Risk,1
16789,9,1,80.8,5,2,1,521,8,New Customers,2
16790,4,6,1545.6200000000001,5,5,4,554,14,Champions,0
16791,30,7,1705.78,4,5,4,454,13,Champions,3
16792,283,2,110.38000000000001,1,3,1,131,5,About To Sleep,1
16793,58,1,243.84,3,2,1,321,6,Potential Loyalists,2
16794,2,10,1196.5,5,5,4,554,14,Champions,0
16795,366,1,414.88,1,2,2,122,5,Lost Customers,1
16796,90,1,305.62,2,2,2,222,6,Lost Customers,1
16800,12,1,1162.65,5,2,4,524,11,New Customers,2
16801,164,4,1594.23,2,4,4,244,10,At Risk,3
16803,66,1,332.3,3,2,2,322,7,Potential Loyalists,2
16804,24,3,536.99,4,4,3,443,11,Loyal Customers,3
16805,174,2,460.59,2,3,2,232,7,At Risk,1
16806,104,4,762.16,2,4,3,243,9,At Risk,3
16807,143,3,1121.59,2,4,4,244,10,At Risk,3
16808,100,2,288.42,2,3,2,232,7,At Risk,1
16809,24,5,914.69,4,4,3,443,11,Loyal Customers,3
16810,193,1,309.54,1,2,2,122,5,Lost Customers,1
16811,5,2,547.07,5,3,3,533,11,Loyal Customers,2
16812,361,1,479.35,1,2,2,122,5,Lost Customers,1
16813,9,10,1652.18,5,5,4,554,14,Champions,0
16814,15,21,6416.7,4,5,5,455,14,Champions,0
16816,104,4,417.06,2,4,2,242,8,At Risk,3
16817,3,9,1604.75,5,5,4,554,14,Champions,0
16818,11,11,3349.57,5,5,5,555,15,Champions,0
16820,96,1,497.61,2,2,3,223,7,Hibernating,1
16823,228,1,358.38,1,2,2,122,5,Lost Customers,1
16824,16,2,460.64,4,3,2,432,9,Loyal Customers,2
16825,39,2,775.1800000000001,3,3,3,333,9,Loyal Customers,3
16826,52,1,341.7,3,2,2,322,7,Potential Loyalists,2
16828,94,2,128.5,2,3,1,231,6,At Risk,1
16829,157,1,197.22,2,2,1,221,5,Lost Customers,1
16830,39,1,325.91,3,2,2,322,7,Potential Loyalists,2
16832,185,3,199.15,1,4,1,141,6,Cannot Lose Them,1
16833,2,4,1106.53,5,4,4,544,13,Champions,0
16834,228,1,413.46,1,2,2,122,5,Lost Customers,1
16835,129,2,180.85,2,3,1,231,6,At Risk,1
16836,40,2,251.87,3,3,2,332,8,Loyal Customers,2
16837,32,11,3170.98,4,5,5,455,14,Champions,0
16838,198,2,588.85,1,3,3,133,7,About To Sleep,1
16839,9,34,16594.35,5,5,5,555,15,Champions,0
16841,37,6,1869.82,3,5,4,354,12,Loyal Customers,3
16842,101,3,1264.19,2,4,4,244,10,At Risk,3
16843,43,16,10196.57,3,5,5,355,13,Loyal Customers,0
16846,51,1,214.32,3,2,1,321,6,Potential Loyalists,2
16847,44,1,193.44,3,2,1,321,6,Potential Loyalists,2
16848,53,1,281.42,3,2,2,322,7,Potential Loyalists,2
16849,187,1,124.57,1,2,1,121,4,Lost Customers,1
16850,334,1,332.41,1,2,2,122,5,Lost Customers,1
16851,5,3,342.45,5,4,2,542,11,Loyal Customers,2
16852,11,2,144.91000000000003,5,3,1,531,9,Loyal Customers,2
16855,24,2,328.4,4,3,2,432,9,Loyal Customers,2
16856,15,1,35.400000000000006,4,2,1,421,7,New Customers,2
16858,369,1,375.69000000000005,1,2,2,122,5,Lost Customers,1
16859,145,2,747.81,2,3,3,233,8,At Risk,1
16861,60,2,173.76,3,3,1,331,7,Loyal Customers,2
16863,32,2,502.8,4,3,3,433,10,Loyal Customers,2
16866,141,3,207.73999999999998,2,4,1,241,7,At Risk,1
16869,23,4,817.12,4,4,3,443,11,Loyal Customers,3
16871,23,6,2812.34,4,5,5,455,14,Champions,3
16872,78,3,680.02,2,4,3,243,9,At Risk,3
16873,5,6,7123.62,5,5,5,555,15,Champions,0
16875,68,5,2095.53,3,4,5,345,12,Loyal Customers,3
16877,13,6,846.62,5,5,3,553,13,Loyal Customers,3
16878,85,1,13.3,2,2,1,221,5,Lost Customers,1
16880,31,7,1491.43,4,5,4,454,13,Champions,3
16881,67,1,432.0,3,2,2,322,7,Potential Loyalists,2
16882,67,3,705.12,3,4,3,343,10,Loyal Customers,3
16883,188,2,272.48,1,3,2,132,6,About To Sleep,1
16884,38,2,429.84000000000003,3,3,2,332,8,Loyal Customers,2
16885,16,3,450.41,4,4,2,442,10,Loyal Customers,2
16887,36,1,192.32999999999998,3,2,1,321,6,Potential Loyalists,2
16889,195,3,1578.67,1,4,4,144,9,Cannot Lose Them,3
16891,2,5,742.43,5,4,3,543,12,Loyal Customers,0
16892,2,5,518.19,5,4,3,543,12,Loyal Customers,0
16893,367,1,145.93,1,2,1,121,4,Lost Customers,1
16895,65,1,202.27,3,2,1,321,6,Potential Loyalists,2
16897,300,2,289.78,1,3,2,132,6,About To Sleep,1
16898,27,3,501.03,4,4,3,443,11,Loyal Customers,3
16899,8,6,1271.06,5,5,4,554,14,Champions,0
16900,17,3,887.11,4,4,3,443,11,Loyal Customers,3
16902,117,1,1706.88,2,2,4,224,8,Hibernating,1
16903,30,1,363.2,4,2,2,422,8,New Customers,2
16904,5,16,3653.75,5,5,5,555,15,Champions,0
16905,6,7,3037.6,5,5,5,555,15,Champions,0
16906,82,4,559.59,2,4,3,243,9,At Risk,3
16907,30,5,928.76,4,4,3,443,11,Loyal Customers,3
16909,73,1,379.14,2,2,2,222,6,Lost Customers,1
16910,5,8,1508.96,5,5,4,554,14,Champions,0
16912,29,11,2555.58,4,5,5,455,14,Champions,0
16913,291,1,113.44,1,2,1,121,4,Lost Customers,1
16914,37,1,183.76,3,2,1,321,6,Potential Loyalists,2
16915,10,6,621.6800000000001,5,5,3,553,13,Loyal Customers,3
16916,24,2,562.41,4,3,3,433,10,Loyal Customers,2
16917,277,1,391.52,1,2,2,122,5,Lost Customers,1
16918,50,6,1068.82,3,5,4,354,12,Loyal Customers,3
16919,157,11,2592.25,2,5,5,255,12,At Risk,3
16921,62,1,154.18,3,2,1,321,6,Potential Loyalists,2
16923,13,19,7069.08,5,5,5,555,15,Champions,0
16924,22,3,829.89,4,4,3,443,11,Loyal Customers,3
16926,372,1,230.25,1,2,1,121,4,Lost Customers,1
16927,116,3,543.05,2,4,3,243,9,At Risk,1
16928,81,17,2814.7,2,5,5,255,12,At Risk,0
16929,4,7,1295.39,5,5,4,554,14,Champions,0
16930,27,3,378.89,4,4,2,442,10,Loyal Customers,2
16931,6,21,4554.87,5,5,5,555,15,Champions,0
16932,54,1,150.23000000000002,3,2,1,321,6,Potential Loyalists,2
16933,2,2,563.23,5,3,3,533,11,Loyal Customers,2
16934,55,2,931.03,3,3,3,333,9,Loyal Customers,3
16936,26,1,261.9,4,2,2,422,8,New Customers,2
16938,9,4,2711.6800000000003,5,4,5,545,14,Champions,3
16940,53,3,3049.88,3,4,5,345,12,Loyal Customers,3
16942,13,9,1904.99,5,5,4,554,14,Champions,0
16943,212,3,816.73,1,4,3,143,8,Cannot Lose Them,1
16945,22,19,4345.5,4,5,5,455,14,Champions,0
16947,236,1,406.48,1,2,2,122,5,Lost Customers,1
16948,139,3,435.02,2,4,2,242,8,At Risk,1
16949,4,6,1286.27,5,5,4,554,14,Champions,0
16950,57,3,1178.56,3,4,4,344,11,Loyal Customers,3
16951,135,3,1277.75,2,4,4,244,10,At Risk,3
16952,110,2,167.61,2,3,1,231,6,At Risk,1
16953,31,1,20.8,4,2,1,421,7,New Customers,2
16954,1,9,2085.08,5,5,5,555,15,Champions,0
16955,185,4,518.67,1,4,3,143,8,Cannot Lose Them,1
16956,18,1,308.74,4,2,2,422,8,New Customers,2
16957,240,2,416.64,1,3,2,132,6,About To Sleep,1
16959,88,1,117.35000000000001,2,2,1,221,5,Lost Customers,1
16960,39,3,507.05,3,4,3,343,10,Loyal Customers,3
16961,117,1,234.17,2,2,1,221,5,Lost Customers,1
16963,188,1,110.55000000000001,1,2,1,121,4,Lost Customers,1
16965,227,1,201.19,1,2,1,121,4,Lost Customers,1
16966,9,7,2154.97,5,5,5,555,15,Champions,0
16967,190,1,319.02,1,2,2,122,5,Lost Customers,1
16968,5,2,439.43,5,3,2,532,10,Loyal Customers,2
16969,40,3,650.41,3,4,3,343,10,Loyal Customers,3
16971,39,1,357.21,3,2,2,322,7,Potential Loyalists,2
16976,268,1,251.51999999999998,1,2,2,122,5,Lost Customers,1
16978,78,1,344.33,2,2,2,222,6,Lost Customers,1
16979,4,6,1852.0,5,5,4,554,14,Champions,0
16980,256,2,1028.46,1,3,4,134,8,About To Sleep,1
16982,61,1,384.06,3,2,2,322,7,Potential Loyalists,2
16983,13,7,1905.87,5,5,4,554,14,Champions,0
16984,89,2,4459.52,2,3,5,235,10,At Risk,3
16985,18,10,5464.12,4,5,5,455,14,Champions,0
16986,30,2,1873.2,4,3,4,434,11,Loyal Customers,3
16987,4,7,1616.8,5,5,4,554,14,Champions,0
16988,6,1,126.12,5,2,1,521,8,New Customers,2
16989,8,6,1133.25,5,5,4,554,14,Champions,0
16990,219,1,179.0,1,2,1,121,4,Lost Customers,1
16992,11,5,1614.31,5,4,4,544,13,Champions,3
16996,31,6,1456.96,4,5,4,454,13,Champions,3
16997,289,3,702.0,1,4,3,143,8,Cannot Lose Them,1
16998,150,4,295.0,2,4,2,242,8,At Risk,1
16999,24,2,484.82,4,3,2,432,9,Loyal Customers,2
17001,1,11,3989.57,5,5,5,555,15,Champions,0
17002,86,3,1493.73,2,4,4,244,10,At Risk,3
17004,47,2,1312.1399999999999,3,3,4,334,10,Loyal Customers,3
17006,5,4,781.78,5,4,3,543,12,Loyal Customers,3
17007,51,6,889.9300000000001,3,5,3,353,11,Loyal Customers,3
17010,19,1,195.36,4,2,1,421,7,New Customers,2
17011,31,1,270.9,4,2,2,422,8,New Customers,2
17014,9,3,583.4300000000001,5,4,3,543,12,Loyal Customers,2
17015,29,3,1838.6100000000001,4,4,4,444,12,Champions,3
17017,3,20,8694.26,5,5,5,555,15,Champions,0
17018,41,2,920.1,3,3,3,333,9,Loyal Customers,3
17019,12,4,1258.08,5,4,4,544,13,Champions,3
17022,32,1,71.0,4,2,1,421,7,New Customers,2
17024,46,3,95.85,3,4,1,341,8,Loyal Customers,2
17025,61,3,357.77,3,4,2,342,9,Loyal Customers,2
17026,186,2,154.82999999999998,1,3,1,131,5,About To Sleep,1
17027,79,6,877.5600000000001,2,5,3,253,10,At Risk,3
17029,111,2,716.0,2,3,3,233,8,At Risk,1
17030,64,1,146.87,3,2,1,321,6,Potential Loyalists,2
17031,12,2,380.35,5,3,2,532,10,Loyal Customers,2
17033,87,3,1030.14,2,4,4,244,10,At Risk,3
17034,17,3,745.52,4,4,3,443,11,Loyal Customers,3
17035,246,2,433.53000000000003,1,3,2,132,6,About To Sleep,1
17037,88,1,1267.32,2,2,4,224,8,Hibernating,1
17038,31,1,112.4,4,2,1,421,7,New Customers,2
17040,138,1,449.73,2,2,2,222,6,Lost Customers,1
17041,27,3,1071.49,4,4,4,444,12,Champions,3
17042,3,5,1036.58,5,4,4,544,13,Champions,0
17043,33,4,1735.18,4,4,4,444,12,Champions,3
17044,26,1,948.48,4,2,4,424,10,New Customers,2
17045,114,3,339.44,2,4,2,242,8,At Risk,1
17046,158,1,642.02,2,2,3,223,7,Hibernating,1
17047,86,3,1100.9,2,4,4,244,10,At Risk,3
17048,118,3,925.35,2,4,3,243,9,At Risk,3
17049,3,9,5655.03,5,5,5,555,15,Champions,0
17050,97,6,3185.64,2,5,5,255,12,At Risk,3
17051,195,1,240.89000000000001,1,2,1,121,4,Lost Customers,1
17052,29,1,399.09,4,2,2,422,8,New Customers,2
17053,131,1,498.48,2,2,3,223,7,Hibernating,1
17054,29,5,1356.33,4,4,4,444,12,Champions,3
17058,82,3,1179.89,2,4,4,244,10,At Risk,3
17059,30,5,3080.39,4,4,5,445,13,Champions,3
17060,267,1,234.24,1,2,1,121,4,Lost Customers,1
17061,74,11,5232.2300000000005,2,5,5,255,12,At Risk,0
17062,314,4,533.33,1,4,3,143,8,Cannot Lose Them,1
17063,22,7,1461.14,4,5,4,454,13,Champions,3
17064,59,3,855.45,3,4,3,343,10,Loyal Customers,3
17068,13,21,4552.14,5,5,5,555,15,Champions,0
17069,29,9,2709.7000000000003,4,5,5,455,14,Champions,0
17070,115,1,304.24,2,2,2,222,6,Lost Customers,1
17071,29,9,2429.03,4,5,5,455,14,Champions,0
17073,18,4,1446.09,4,4,4,444,12,Champions,3
17075,18,4,834.12,4,4,3,443,11,Loyal Customers,3
17076,37,3,841.0799999999999,3,4,3,343,10,Loyal Customers,3
17078,37,2,378.2,3,3,2,332,8,Loyal Customers,2
17079,79,1,118.80000000000001,2,2,1,221,5,Lost Customers,1
17080,23,2,287.62,4,3,2,432,9,Loyal Customers,2
17081,26,2,288.91,4,3,2,432,9,Loyal Customers,2
17082,34,2,2003.85,3,3,4,334,10,Loyal Customers,3
17083,110,3,1405.78,2,4,4,244,10,At Risk,3
17084,36,2,2747.9900000000002,3,3,5,335,11,Loyal Customers,3
17085,124,5,1562.4,2,4,4,244,10,At Risk,3
17086,8,6,2050.08,5,5,4,554,14,Champions,0
17088,29,4,1991.01,4,4,4,444,12,Champions,3
17090,5,7,1974.65,5,5,4,554,14,Champions,0
17091,3,9,3827.76,5,5,5,555,15,Champions,0
17092,51,4,1774.03,3,4,4,344,11,Loyal Customers,3
17094,323,1,302.0,1,2,2,122,5,Lost Customers,1
17095,23,3,1324.16,4,4,4,444,12,Champions,3
17096,16,4,1022.13,4,4,4,444,12,Champions,3
17097,3,8,954.42,5,5,4,554,14,Champions,0
17100,19,2,971.74,4,3,4,434,11,Loyal Customers,3
17101,11,4,1621.73,5,4,4,544,13,Champions,3
17102,262,1,25.5,1,2,1,121,4,Lost Customers,1
17105,160,2,665.78,2,3,3,233,8,At Risk,1
17107,34,6,10797.48,3,5,5,355,13,Loyal Customers,0
17109,30,6,881.29,4,5,3,453,12,Loyal Customers,3
17110,166,1,163.29999999999998,2,2,1,221,5,Lost Customers,1
17111,48,1,231.61,3,2,1,321,6,Potential Loyalists,2
17114,6,8,801.12,5,5,3,553,13,Loyal Customers,0
17115,9,3,837.5,5,4,3,543,12,Loyal Customers,3
17117,289,1,116.19999999999999,1,2,1,121,4,Lost Customers,1
17118,318,1,157.02,1,2,1,121,4,Lost Customers,1
17119,4,2,606.91,5,3,3,533,11,Loyal Customers,2
17120,234,1,307.46,1,2,2,122,5,Lost Customers,1
17122,120,1,138.32,2,2,1,221,5,Lost Customers,1
17123,162,1,345.29999999999995,2,2,2,222,6,Lost Customers,1
17124,186,1,294.24,1,2,2,122,5,Lost Customers,1
17125,51,1,230.5,3,2,1,321,6,Potential Loyalists,2
17126,153,5,989.45,2,4,4,244,10,At Risk,3
17128,335,1,157.09,1,2,1,121,4,Lost Customers,1
17131,6,5,2463.17,5,4,5,545,14,Champions,0
17133,16,7,4892.240000000001,4,5,5,455,14,Champions,0
17134,107,2,413.2,2,3,2,232,7,At Risk,1
17135,17,7,1139.73,4,5,4,454,13,Champions,3
17138,276,1,380.5,1,2,2,122,5,Lost Customers,1
17139,16,12,10650.77,4,5,5,455,14,Champions,0
17140,248,1,454.12,1,2,2,122,5,Lost Customers,1
17142,240,1,579.0,1,2,3,123,6,About To Sleep,1
17144,2,2,984.57,5,3,4,534,12,Loyal Customers,2
17146,106,3,749.78,2,4,3,243,9,At Risk,3
17147,23,4,1714.59,4,4,4,444,12,Champions,3
17148,52,1,124.88,3,2,1,321,6,Potential Loyalists,2
17152,195,3,1689.5,1,4,4,144,9,Cannot Lose Them,3
17153,25,1,213.78,4,2,1,421,7,New Customers,2
17154,76,1,329.34,2,2,2,222,6,Lost Customers,1
17155,18,2,251.70000000000002,4,3,2,432,9,Loyal Customers,2
17157,8,2,319.0,5,3,2,532,10,Loyal Customers,2
17158,33,3,1266.97,4,4,4,444,12,Champions,3
17159,22,3,1538.88,4,4,4,444,12,Champions,3
17160,32,6,3518.03,4,5,5,455,14,Champions,3
17162,29,10,1715.46,4,5,4,454,13,Champions,0
17163,22,2,293.1,4,3,2,432,9,Loyal Customers,2
17164,33,7,2467.35,4,5,5,455,14,Champions,3
17165,285,1,158.68,1,2,1,121,4,Lost Customers,1
17166,39,2,206.34,3,3,1,331,7,Loyal Customers,2
17169,58,2,835.78,3,3,3,333,9,Loyal Customers,3
17171,290,1,224.91,1,2,1,121,4,Lost Customers,1
17172,79,1,317.76,2,2,2,222,6,Lost Customers,1
17173,6,8,3766.6,5,5,5,555,15,Champions,0
17174,218,1,59.9,1,2,1,121,4,Lost Customers,1
17175,45,4,1443.69,3,4,4,344,11,Loyal Customers,3
17176,202,1,306.13,1,2,2,122,5,Lost Customers,1
17179,179,3,711.79,2,4,3,243,9,At Risk,1
17180,57,4,783.97,3,4,3,343,10,Loyal Customers,3
17181,58,2,239.92000000000002,3,3,1,331,7,Loyal Customers,2
17183,8,6,3347.31,5,5,5,555,15,Champions,0
17186,47,2,144.0,3,3,1,331,7,Loyal Customers,2
17187,227,1,203.95,1,2,1,121,4,Lost Customers,1
17188,12,7,2474.23,5,5,5,555,15,Champions,0
17189,107,2,383.75,2,3,2,232,7,At Risk,1
17190,59,2,444.74,3,3,2,332,8,Loyal Customers,2
17191,29,7,2093.68,4,5,5,455,14,Champions,3
17193,36,7,1699.3000000000002,3,5,4,354,12,Loyal Customers,3
17194,274,2,262.62,1,3,2,132,6,About To Sleep,1
17197,30,1,1013.01,4,2,4,424,10,New Customers,2
17198,24,3,692.22,4,4,3,443,11,Loyal Customers,3
17201,54,1,289.78,3,2,2,322,7,Potential Loyalists,2
17203,36,6,3560.08,3,5,5,355,13,Loyal Customers,3
17204,176,4,1564.56,2,4,4,244,10,At Risk,3
17205,54,1,384.08,3,2,2,322,7,Potential Loyalists,2
17206,54,1,204.24,3,2,1,321,6,Potential Loyalists,2
17211,27,8,2317.2200000000003,4,5,5,455,14,Champions,0
17212,254,1,226.85,1,2,1,121,4,Lost Customers,1
17213,41,7,2781.23,3,5,5,355,13,Loyal Customers,3
17214,61,6,1059.1200000000001,3,5,4,354,12,Loyal Customers,3
17217,235,1,113.5,1,2,1,121,4,Lost Customers,1
17218,5,10,1951.97,5,5,4,554,14,Champions,0
17219,32,1,114.23,4,2,1,421,7,New Customers,2
17220,25,14,3187.55,4,5,5,455,14,Champions,0
17221,8,2,334.48,5,3,2,532,10,Loyal Customers,2
17222,66,1,328.65,3,2,2,322,7,Potential Loyalists,2
17223,311,2,416.89,1,3,2,132,6,About To Sleep,1
17226,309,1,393.49,1,2,2,122,5,Lost Customers,1
17227,19,6,939.32,4,5,4,454,13,Champions,3
17228,16,8,1906.09,4,5,4,454,13,Champions,0
17229,97,2,318.76,2,3,2,232,7,At Risk,1
17230,265,8,3638.41,1,5,5,155,11,Cannot Lose Them,3
17231,13,10,3124.72,5,5,5,555,15,Champions,0
17232,3,2,417.77,5,3,2,532,10,Loyal Customers,2
17233,36,1,190.88,3,2,1,321,6,Potential Loyalists,2
17234,183,1,149.89000000000001,1,2,1,121,4,Lost Customers,1
17235,26,2,550.06,4,3,3,433,10,Loyal Customers,2
17236,13,6,916.13,5,5,3,553,13,Loyal Customers,3
17237,12,2,314.69,5,3,2,532,10,Loyal Customers,2
17238,3,17,3719.1,5,5,5,555,15,Champions,0
17239,313,1,382.5,1,2,2,122,5,Lost Customers,1
17242,109,2,1135.04,2,3,4,234,9,At Risk,3
17243,2,26,8540.05,5,5,5,555,15,Champions,0
17244,54,1,954.9,3,2,4,324,9,Potential Loyalists,2
17245,205,1,171.45,1,2,1,121,4,Lost Customers,1
17247,16,1,280.09000000000003,4,2,2,422,8,New Customers,2
17248,121,1,318.65,2,2,2,222,6,Lost Customers,1
17250,4,2,381.97,5,3,2,532,10,Loyal Customers,2
17251,363,1,269.83,1,2,2,122,5,Lost Customers,1
17252,117,2,348.91,2,3,2,232,7,At Risk,1
17253,19,1,178.26,4,2,1,421,7,New Customers,2
17254,5,2,271.19,5,3,2,532,10,Loyal Customers,2
17255,41,2,291.48,3,3,2,332,8,Loyal Customers,2
17256,108,2,240.0,2,3,1,231,6,At Risk,1
17259,149,2,581.23,2,3,3,233,8,At Risk,1
17262,53,5,1253.3600000000001,3,4,4,344,11,Loyal Customers,3
17263,209,1,63.440000000000005,1,2,1,121,4,Lost Customers,1
17265,139,2,550.01,2,3,3,233,8,At Risk,1
17266,3,3,296.58,5,4,2,542,11,Loyal Customers,2
17267,128,2,317.2,2,3,2,232,7,At Risk,1
17268,108,4,763.64,2,4,3,243,9,At Risk,3
17272,43,4,2148.63,3,4,5,345,12,Loyal Customers,3
17274,36,1,107.82,3,2,1,321,6,Potential Loyalists,2
17277,228,2,1065.3500000000001,1,3,4,134,8,About To Sleep,1
17278,242,1,246.04,1,2,1,121,4,Lost Customers,1
17279,58,1,187.82999999999998,3,2,1,321,6,Potential Loyalists,2
17282,131,3,1685.46,2,4,4,244,10,At Risk,3
17284,61,6,1647.48,3,5,4,354,12,Loyal Customers,3
17286,22,1,151.37,4,2,1,421,7,New Customers,2
17287,27,7,1049.06,4,5,4,454,13,Champions,3
17288,10,7,1417.63,5,5,4,554,14,Champions,0
17289,32,3,931.02,4,4,3,443,11,Loyal Customers,3
17290,4,2,513.01,5,3,3,533,11,Loyal Customers,2
17291,309,1,550.8000000000001,1,2,3,123,6,About To Sleep,1
17293,9,9,1854.06,5,5,4,554,14,Champions,0
17295,29,3,547.0,4,4,3,443,11,Loyal Customers,3
17297,18,1,128.18,4,2,1,421,7,New Customers,2
17298,102,2,498.42,2,3,3,233,8,At Risk,1
17299,12,4,656.61,5,4,3,543,12,Loyal Customers,3
17301,22,1,163.24,4,2,1,421,7,New Customers,2
17302,15,5,1135.63,4,4,4,444,12,Champions,3
17303,362,1,250.04,1,2,2,122,5,Lost Customers,1
17306,11,19,8631.31,5,5,5,555,15,Champions,0
17309,96,1,82.75,2,2,1,221,5,Lost Customers,1
17311,79,2,1384.85,2,3,4,234,9,At Risk,3
17312,139,3,644.3,2,4,3,243,9,At Risk,1
17313,32,1,2328.84,4,2,5,425,11,New Customers,3
17314,25,8,2527.92,4,5,5,455,14,Champions,0
17315,2,38,6281.23,5,5,5,555,15,Champions,0
17317,47,3,2600.34,3,4,5,345,12,Loyal Customers,3
17320,101,3,1200.6200000000001,2,4,4,244,10,At Risk,3
17321,9,2,657.16,5,3,3,533,11,Loyal Customers,2
17323,16,7,906.52,4,5,3,453,12,Loyal Customers,3
17324,18,4,986.48,4,4,4,444,12,Champions,3
17325,281,1,96.8,1,2,1,121,4,Lost Customers,1
17329,15,2,523.11,4,3,3,433,10,Loyal Customers,2
17330,23,2,363.9,4,3,2,432,9,Loyal Customers,2
17331,124,1,175.2,2,2,1,221,5,Lost Customers,1
17333,86,1,494.25,2,2,3,223,7,Hibernating,1
17334,303,2,307.02,1,3,2,132,6,About To Sleep,1
17337,152,4,1981.06,2,4,4,244,10,At Risk,3
17338,18,8,6493.54,4,5,5,455,14,Champions,0
17339,95,2,243.36,2,3,1,231,6,At Risk,1
17340,30,11,12353.29,4,5,5,455,14,Champions,0
17341,157,3,682.29,2,4,3,243,9,At Risk,1
17343,356,1,193.64,1,2,1,121,4,Lost Customers,1
17344,47,1,157.62,3,2,1,321,6,Potential Loyalists,2
17345,16,4,519.6899999999999,4,4,3,443,11,Loyal Customers,3
17346,4,15,2622.88,5,5,5,555,15,Champions,0
17347,87,1,228.96,2,2,1,221,5,Lost Customers,1
17348,15,5,1156.6,4,4,4,444,12,Champions,3
17349,180,1,98.25,2,2,1,221,5,Lost Customers,1
17350,9,4,1281.32,5,4,4,544,13,Champions,3
17351,37,3,587.15,3,4,3,343,10,Loyal Customers,3
17353,130,2,1740.0,2,3,4,234,9,At Risk,3
17354,51,1,1393.06,3,2,4,324,9,Potential Loyalists,3
17356,312,1,178.22,1,2,1,121,4,Lost Customers,1
17357,25,2,384.39,4,3,2,432,9,Loyal Customers,2
17358,304,2,360.81,1,3,2,132,6,About To Sleep,1
17359,12,1,127.86,5,2,1,521,8,New Customers,2
17360,18,3,568.24,4,4,3,443,11,Loyal Customers,3
17361,50,3,488.2,3,4,3,343,10,Loyal Customers,3
17362,240,2,312.23,1,3,2,132,6,About To Sleep,1
17364,1,11,4462.68,5,5,5,555,15,Champions,0
17365,13,8,4767.36,5,5,5,555,15,Champions,0
17367,239,1,167.55,1,2,1,121,4,Lost Customers,1
17368,24,8,1878.87,4,5,4,454,13,Champions,0
17370,73,4,446.18,2,4,2,242,8,At Risk,3
17371,18,3,418.4,4,4,2,442,10,Loyal Customers,2
17372,41,8,1337.18,3,5,4,354,12,Loyal Customers,3
17373,41,4,646.92,3,4,3,343,10,Loyal Customers,3
17374,219,2,495.77,1,3,3,133,7,About To Sleep,1
17375,200,3,400.1,1,4,2,142,7,Cannot Lose Them,1
17376,71,2,203.2,3,3,1,331,7,Loyal Customers,2
17377,24,20,4058.32,4,5,5,455,14,Champions,0
17379,12,1,389.71999999999997,5,2,2,522,9,New Customers,2
17381,9,29,20275.61,5,5,5,555,15,Champions,0
17382,66,1,65.4,3,2,1,321,6,Potential Loyalists,2
17383,5,1,193.39000000000001,5,2,1,521,8,New Customers,2
17384,20,2,336.4,4,3,2,432,9,Loyal Customers,2
17385,15,1,256.11,4,2,2,422,8,New Customers,2
17386,8,6,2686.42,5,5,5,555,15,Champions,0
17387,20,2,746.81,4,3,3,433,10,Loyal Customers,2
17388,78,4,1259.56,2,4,4,244,10,At Risk,3
17389,1,34,31833.68,5,5,5,555,15,Champions,0
17391,164,2,508.8,2,3,3,233,8,At Risk,1
17392,307,2,417.27,1,3,2,132,6,About To Sleep,1
17394,220,1,203.86999999999998,1,2,1,121,4,Lost Customers,1
17396,40,8,7330.8,3,5,5,355,13,Loyal Customers,0
17397,23,2,681.41,4,3,3,433,10,Loyal Customers,2
17398,115,3,653.38,2,4,3,243,9,At Risk,3
17400,127,5,2097.84,2,4,5,245,11,At Risk,3
17402,5,13,2633.85,5,5,5,555,15,Champions,0
17403,37,1,263.92,3,2,2,322,7,Potential Loyalists,2
17404,5,15,31906.82,5,5,5,555,15,Champions,0
17405,2,3,1031.41,5,4,4,544,13,Champions,3
17406,334,3,2184.42,1,4,5,145,10,Cannot Lose Them,3
17408,164,1,32.65,2,2,1,221,5,Lost Customers,1
17409,185,2,771.85,1,3,3,133,7,About To Sleep,1
17410,17,5,1214.72,4,4,4,444,12,Champions,3
17411,13,3,778.94,5,4,3,543,12,Loyal Customers,3
17412,3,7,1258.06,5,5,4,554,14,Champions,0
17414,44,2,778.0,3,3,3,333,9,Loyal Customers,3
17415,80,1,507.84,2,2,3,223,7,Hibernating,1
17416,30,7,6893.42,4,5,5,455,14,Champions,0
17418,43,2,463.46000000000004,3,3,2,332,8,Loyal Customers,2
17419,12,12,4226.57,5,5,5,555,15,Champions,0
17420,51,3,598.83,3,4,3,343,10,Loyal Customers,3
17422,17,6,1979.37,4,5,4,454,13,Champions,3
17423,47,2,698.41,3,3,3,333,9,Loyal Customers,3
17425,20,2,759.17,4,3,3,433,10,Loyal Customers,2
17426,9,6,5037.26,5,5,5,555,15,Champions,0
17427,72,1,100.8,3,2,1,321,6,Potential Loyalists,2
17428,1,28,17256.85,5,5,5,555,15,Champions,0
17429,129,3,524.9200000000001,2,4,3,243,9,At Risk,1
17430,33,2,265.76,4,3,2,432,9,Loyal Customers,2
17431,314,1,403.3,1,2,2,122,5,Lost Customers,1
17432,19,2,365.76,4,3,2,432,9,Loyal Customers,2
17433,89,1,303.15999999999997,2,2,2,222,6,Lost Customers,1
17434,3,7,2373.82,5,5,5,555,15,Champions,0
17436,2,2,216.29999999999998,5,3,1,531,9,Loyal Customers,2
17438,254,1,388.45000000000005,1,2,2,122,5,Lost Customers,1
17440,157,3,186.42000000000002,2,4,1,241,7,At Risk,1
17442,37,6,2248.56,3,5,5,355,13,Loyal Customers,3
17443,220,1,534.24,1,2,3,123,6,About To Sleep,1
17444,148,3,2940.04,2,4,5,245,11,At Risk,3
17446,177,2,120.9,2,3,1,231,6,At Risk,1
17447,41,2,541.53,3,3,3,333,9,Loyal Customers,2
17449,3,7,2519.21,5,5,5,555,15,Champions,0
17450,9,46,194390.79,5,5,5,555,15,Champions,0
17451,2,7,1721.4,5,5,4,554,14,Champions,0
17453,18,2,486.71999999999997,4,3,2,432,9,Loyal Customers,2
17454,193,4,517.53,1,4,3,143,8,Cannot Lose Them,1
17455,204,1,131.7,1,2,1,121,4,Lost Customers,1
17456,366,1,249.86,1,2,2,122,5,Lost Customers,1
17457,127,5,1737.7,2,4,4,244,10,At Risk,3
17458,16,1,316.5,4,2,2,422,8,New Customers,2
17459,44,2,657.3,3,3,3,333,9,Loyal Customers,3
17460,95,6,622.4300000000001,2,5,3,253,10,At Risk,3
17461,23,3,735.82,4,4,3,443,11,Loyal Customers,3
17462,61,2,675.69,3,3,3,333,9,Loyal Customers,3
17463,17,5,1875.86,4,4,4,444,12,Champions,3
17464,159,1,289.96000000000004,2,2,2,222,6,Lost Customers,1
17466,11,2,763.28,5,3,3,533,11,Loyal Customers,2
17468,11,2,137.0,5,3,1,531,9,Loyal Customers,2
17469,17,5,1870.97,4,4,4,444,12,Champions,3
17470,45,5,1125.07,3,4,4,344,11,Loyal Customers,3
17472,192,3,697.54,1,4,3,143,8,Cannot Lose Them,1
17475,80,1,194.37,2,2,1,221,5,Lost Customers,1
17480,78,1,511.82,2,2,3,223,7,Hibernating,1
17481,4,4,1255.59,5,4,4,544,13,Champions,3
17483,66,3,414.04,3,4,2,342,9,Loyal Customers,3
17486,262,1,396.87,1,2,2,122,5,Lost Customers,1
17489,59,2,376.64,3,3,2,332,8,Loyal Customers,2
17490,1,7,2092.32,5,5,5,555,15,Champions,0
17491,2,10,3558.87,5,5,5,555,15,Champions,0
17492,249,1,374.57,1,2,2,122,5,Lost Customers,1
17495,8,2,497.56,5,3,3,533,11,Loyal Customers,2
17496,359,1,271.05,1,2,2,122,5,Lost Customers,1
17498,76,1,272.22,2,2,2,222,6,Lost Customers,1
17499,290,1,622.88,1,2,3,123,6,About To Sleep,1
17500,18,3,1138.0,4,4,4,444,12,Champions,3
17501,221,2,288.6,1,3,2,132,6,About To Sleep,1
17502,10,4,689.1,5,4,3,543,12,Loyal Customers,3
17503,3,2,558.96,5,3,3,533,11,Loyal Customers,2
17504,207,9,2997.0299999999997,1,5,5,155,11,Cannot Lose Them,3
17505,162,2,1145.84,2,3,4,234,9,At Risk,1
17506,76,1,302.2,2,2,2,222,6,Lost Customers,1
17507,262,2,605.58,1,3,3,133,7,About To Sleep,1
17508,281,1,387.31,1,2,2,122,5,Lost Customers,1
17509,58,8,6083.64,3,5,5,355,13,Loyal Customers,0
17510,25,1,308.48,4,2,2,422,8,New Customers,2
17511,3,31,91062.38,5,5,5,555,15,Champions,0
17512,29,10,2924.9900000000002,4,5,5,455,14,Champions,0
17513,73,1,513.2,2,2,3,223,7,Hibernating,1
17514,129,1,208.65,2,2,1,221,5,Lost Customers,1
17515,32,4,639.02,4,4,3,443,11,Loyal Customers,3
17516,16,5,764.88,4,4,3,443,11,Loyal Customers,3
17517,309,1,153.94,1,2,1,121,4,Lost Customers,1
17519,18,6,1844.02,4,5,4,454,13,Champions,3
17520,54,1,546.81,3,2,3,323,8,Potential Loyalists,2
17521,30,3,723.2099999999999,4,4,3,443,11,Loyal Customers,3
17522,2,5,1070.71,5,4,4,544,13,Champions,0
17523,12,4,652.74,5,4,3,543,12,Loyal Customers,3
17524,362,1,145.0,1,2,1,121,4,Lost Customers,1
17525,360,1,422.70000000000005,1,2,2,122,5,Lost Customers,1
17526,5,4,1195.8999999999999,5,4,4,544,13,Champions,3
17527,54,4,939.37,3,4,4,344,11,Loyal Customers,3
17528,2,8,3628.5,5,5,5,555,15,Champions,0
17530,2,10,2367.12,5,5,5,555,15,Champions,0
17531,191,1,296.7,1,2,2,122,5,Lost Customers,1
17534,54,1,223.36,3,2,1,321,6,Potential Loyalists,2
17535,281,1,164.4,1,2,1,121,4,Lost Customers,1
17536,178,1,76.5,2,2,1,221,5,Lost Customers,1
17537,30,2,887.67,4,3,3,433,10,Loyal Customers,3
17538,26,1,98.42,4,2,1,421,7,New Customers,2
17540,25,2,578.9,4,3,3,433,10,Loyal Customers,2
17542,270,1,170.75,1,2,1,121,4,Lost Customers,1
17545,44,3,642.32,3,4,3,343,10,Loyal Customers,3
17548,234,1,103.3,1,2,1,121,4,Lost Customers,1
17549,24,2,148.86,4,3,1,431,8,Loyal Customers,2
17550,198,3,267.16,1,4,2,142,7,Cannot Lose Them,1
17551,360,1,290.34,1,2,2,122,5,Lost Customers,1
17552,61,4,930.41,3,4,3,343,10,Loyal Customers,3
17553,130,1,1487.6,2,2,4,224,8,Hibernating,1
17554,2,5,1952.45,5,4,4,544,13,Champions,0
17555,20,2,480.31,4,3,2,432,9,Loyal Customers,2
17556,206,1,157.9,1,2,1,121,4,Lost Customers,1
17557,15,3,541.46,4,4,3,443,11,Loyal Customers,3
17560,95,4,854.95,2,4,3,243,9,At Risk,3
17561,20,1,165.12,4,2,1,421,7,New Customers,2
17562,15,7,1122.38,4,5,4,454,13,Champions,3
17564,25,3,454.01,4,4,2,442,10,Loyal Customers,2
17566,9,2,869.77,5,3,3,533,11,Loyal Customers,2
17567,8,8,4331.48,5,5,5,555,15,Champions,0
17569,333,1,344.14,1,2,2,122,5,Lost Customers,1
17571,51,4,1425.67,3,4,4,344,11,Loyal Customers,3
17572,72,4,226.75000000000003,3,4,1,341,8,Loyal Customers,2
17573,30,3,380.6,4,4,2,442,10,Loyal Customers,2
17574,243,1,185.65,1,2,1,121,4,Lost Customers,1
17576,9,19,3564.83,5,5,5,555,15,Champions,0
17578,219,1,143.45999999999998,1,2,1,121,4,Lost Customers,1
17579,5,3,448.90000000000003,5,4,2,542,11,Loyal Customers,2
17580,253,3,215.72,1,4,1,141,6,Cannot Lose Them,1
17581,1,25,11025.24,5,5,5,555,15,Champions,0
17582,237,1,175.27,1,2,1,121,4,Lost Customers,1
17584,8,2,1242.3,5,3,4,534,12,Loyal Customers,3
17585,110,4,1116.68,2,4,4,244,10,At Risk,3
17588,101,3,1240.2,2,4,4,244,10,At Risk,3
17589,61,4,2404.17,3,4,5,345,12,Loyal Customers,3
17590,3,3,1468.02,5,4,4,544,13,Champions,3
17591,74,7,2203.67,2,5,5,255,12,At Risk,3
17593,4,5,3923.86,5,4,5,545,14,Champions,0
17594,86,2,993.18,2,3,4,234,9,At Risk,3
17595,13,2,386.69,5,3,2,532,10,Loyal Customers,2
17596,24,7,2806.69,4,5,5,455,14,Champions,0
17597,214,1,2044.3700000000001,1,2,4,124,7,About To Sleep,1
17600,18,1,161.67000000000002,4,2,1,421,7,New Customers,2
17601,240,1,116.00999999999999,1,2,1,121,4,Lost Customers,1
17602,3,6,5054.42,5,5,5,555,15,Champions,0
17603,79,1,394.72,2,2,2,222,6,Lost Customers,1
17604,218,2,309.36,1,3,2,132,6,About To Sleep,1
17608,34,2,191.99,3,3,1,331,7,Loyal Customers,2
17609,41,5,1105.78,3,4,4,344,11,Loyal Customers,3
17611,8,15,3961.12,5,5,5,555,15,Champions,0
17612,54,6,2048.45,3,5,4,354,12,Loyal Customers,3
17613,23,14,4544.55,4,5,5,455,14,Champions,0
17614,58,1,386.32,3,2,2,322,7,Potential Loyalists,2
17615,131,3,329.6,2,4,2,242,8,At Risk,1
17616,174,3,571.1999999999999,2,4,3,243,9,At Risk,1
17618,6,3,930.28,5,4,3,543,12,Loyal Customers,3
17619,313,1,214.37,1,2,1,121,4,Lost Customers,1
17620,60,1,81.44,3,2,1,321,6,Potential Loyalists,2
17621,22,3,1379.9,4,4,4,444,12,Champions,3
17623,33,1,527.0500000000001,4,2,3,423,9,New Customers,2
17624,15,2,843.48,4,3,3,433,10,Loyal Customers,3
17625,19,4,2020.4,4,4,4,444,12,Champions,3
17628,82,1,75.75,2,2,1,221,5,Lost Customers,1
17629,6,8,1814.12,5,5,4,554,14,Champions,0
17630,170,2,503.59999999999997,2,3,3,233,8,At Risk,1
17631,2,3,528.33,5,4,3,543,12,Loyal Customers,2
17633,32,4,1324.84,4,4,4,444,12,Champions,3
17634,37,9,2358.59,3,5,5,355,13,Loyal Customers,0
17636,20,1,285.56,4,2,2,422,8,New Customers,2
17637,32,2,547.0600000000001,4,3,3,433,10,Loyal Customers,2
17639,277,1,108.5,1,2,1,121,4,Lost Customers,1
17640,87,1,621.66,2,2,3,223,7,Hibernating,1
17642,120,2,712.29,2,3,3,233,8,At Risk,1
17643,374,1,101.55,1,2,1,121,4,Lost Customers,1
17644,2,11,2895.64,5,5,5,555,15,Champions,0
17646,220,3,1008.39,1,4,4,144,9,Cannot Lose Them,1
17647,66,1,133.06,3,2,1,321,6,Potential Loyalists,2
17648,61,4,1797.5,3,4,4,344,11,Loyal Customers,3
17649,139,1,868.49,2,2,3,223,7,Hibernating,1
17650,22,1,166.08,4,2,1,421,7,New Customers,2
17651,12,10,3945.0,5,5,5,555,15,Champions,0
17652,26,12,4867.72,4,5,5,455,14,Champions,0
17653,37,4,1207.56,3,4,4,344,11,Loyal Customers,3
17654,278,1,117.55,1,2,1,121,4,Lost Customers,1
17655,11,7,2638.94,5,5,5,555,15,Champions,0
17656,74,5,1674.69,2,4,4,244,10,At Risk,3
17658,26,2,595.42,4,3,3,433,10,Loyal Customers,2
17659,18,12,2999.46,4,5,5,455,14,Champions,0
17660,142,1,178.75,2,2,1,221,5,Lost Customers,1
17663,26,7,1802.91,4,5,4,454,13,Champions,3
17664,19,2,604.64,4,3,3,433,10,Loyal Customers,2
17666,4,2,728.16,5,3,3,533,11,Loyal Customers,2
17667,67,5,2055.51,3,4,5,345,12,Loyal Customers,3
17668,2,2,347.75,5,3,2,532,10,Loyal Customers,2
17669,43,7,3406.7200000000003,3,5,5,355,13,Loyal Customers,3
17670,228,1,205.7,1,2,1,121,4,Lost Customers,1
17671,16,4,1572.71,4,4,4,444,12,Champions,3
17672,51,2,3178.17,3,3,5,335,11,Loyal Customers,3
17673,2,6,1594.97,5,5,4,554,14,Champions,0
17674,75,2,551.04,2,3,3,233,8,At Risk,1
17675,2,31,20374.28,5,5,5,555,15,Champions,0
17676,5,6,1371.18,5,5,4,554,14,Champions,0
17677,2,30,16345.38,5,5,5,555,15,Champions,0
17678,264,1,298.11,1,2,2,122,5,Lost Customers,1
17679,53,2,1992.1100000000001,3,3,4,334,10,Loyal Customers,3
17680,24,1,184.4,4,2,1,421,7,New Customers,2
17682,11,6,2474.33,5,5,5,555,15,Champions,0
17684,44,1,239.41,3,2,1,321,6,Potential Loyalists,2
17685,17,7,3155.83,4,5,5,455,14,Champions,0
17686,8,7,5739.46,5,5,5,555,15,Champions,0
17690,31,15,4726.8,4,5,5,455,14,Champions,0
17691,359,2,290.40000000000003,1,3,2,132,6,About To Sleep,1
17692,128,4,740.9399999999999,2,4,3,243,9,At Risk,3
17693,138,1,200.47,2,2,1,221,5,Lost Customers,1
17694,142,1,283.12,2,2,2,222,6,Lost Customers,1
17695,132,2,765.34,2,3,3,233,8,At Risk,1
17696,39,8,2285.71,3,5,5,355,13,Loyal Customers,3
17697,237,1,338.95,1,2,2,122,5,Lost Customers,1
17698,261,1,154.95,1,2,1,121,4,Lost Customers,1
17700,17,4,2534.64,4,4,5,445,13,Champions,3
17701,253,1,417.95,1,2,2,122,5,Lost Customers,1
17702,31,4,1824.37,4,4,4,444,12,Champions,3
17703,36,3,798.74,3,4,3,343,10,Loyal Customers,3
17704,169,2,885.19,2,3,3,233,8,At Risk,1
17705,4,9,1823.52,5,5,4,554,14,Champions,0
17706,5,17,10504.49,5,5,5,555,15,Champions,0
17707,186,2,152.4,1,3,1,131,5,About To Sleep,1
17708,188,2,263.33,1,3,2,132,6,About To Sleep,1
17709,170,1,137.45,2,2,1,221,5,Lost Customers,1
17711,11,2,385.1,5,3,2,532,10,Loyal Customers,2
17712,45,1,522.91,3,2,3,323,8,Potential Loyalists,2
17714,321,1,153.0,1,2,1,121,4,Lost Customers,1
17715,201,1,326.4,1,2,2,122,5,Lost Customers,1
17716,23,11,5655.99,4,5,5,455,14,Champions,0
17718,233,1,139.35,1,2,1,121,4,Lost Customers,1
17719,38,15,5396.04,3,5,5,355,13,Loyal Customers,0
17720,27,4,1195.94,4,4,4,444,12,Champions,3
17722,97,4,2424.04,2,4,5,245,11,At Risk,3
17723,128,6,3276.4000000000005,2,5,5,255,12,At Risk,3
17724,72,3,1033.0,3,4,4,344,11,Loyal Customers,3
17725,17,11,3439.08,4,5,5,455,14,Champions,0
17727,16,1,1060.25,4,2,4,424,10,New Customers,2
17728,4,3,2876.01,5,4,5,545,14,Champions,0
17730,4,13,5298.4800000000005,5,5,5,555,15,Champions,0
17731,80,4,1240.11,2,4,4,244,10,At Risk,3
17732,373,1,303.97,1,2,2,122,5,Lost Customers,1
17733,39,2,692.19,3,3,3,333,9,Loyal Customers,3
17734,54,3,700.63,3,4,3,343,10,Loyal Customers,3
17735,3,19,13110.02,5,5,5,555,15,Champions,0
17736,10,3,377.44,5,4,2,542,11,Loyal Customers,2
17737,10,2,168.24,5,3,1,531,9,Loyal Customers,2
17738,20,4,1879.05,4,4,4,444,12,Champions,3
17739,12,7,2791.35,5,5,5,555,15,Champions,0
17742,114,2,355.11,2,3,2,232,7,At Risk,1
17744,4,6,2322.4,5,5,5,555,15,Champions,0
17746,241,1,110.25,1,2,1,121,4,Lost Customers,1
17747,113,1,71.4,2,2,1,221,5,Lost Customers,1
17749,179,2,674.52,2,3,3,233,8,At Risk,1
17750,6,9,1710.45,5,5,4,554,14,Champions,0
17752,360,1,80.64,1,2,1,121,4,Lost Customers,1
17754,1,5,1664.65,5,4,4,544,13,Champions,0
17757,2,30,5593.39,5,5,5,555,15,Champions,0
17758,20,8,3408.2000000000003,4,5,5,455,14,Champions,0
17759,18,3,819.96,4,4,3,443,11,Loyal Customers,3
17760,22,2,287.59,4,3,2,432,9,Loyal Customers,2
17761,33,1,712.78,4,2,3,423,9,New Customers,2
17763,264,1,15.0,1,2,1,121,4,Lost Customers,1
17764,51,2,772.55,3,3,3,333,9,Loyal Customers,3
17765,159,3,367.63,2,4,2,242,8,At Risk,1
17767,16,1,271.2,4,2,2,422,8,New Customers,2
17768,9,3,2081.9,5,4,5,545,14,Champions,3
17769,13,10,3957.43,5,5,5,555,15,Champions,0
17770,199,5,1143.27,1,4,4,144,9,Cannot Lose Them,3
17771,57,2,245.81,3,3,1,331,7,Loyal Customers,2
17772,11,2,173.45,5,3,1,531,9,Loyal Customers,2
17774,97,4,1213.73,2,4,4,244,10,At Risk,3
17775,255,1,56.4,1,2,1,121,4,Lost Customers,1
17777,25,3,647.56,4,4,3,443,11,Loyal Customers,3
17779,22,3,650.32,4,4,3,443,11,Loyal Customers,3
17781,160,2,188.02,2,3,1,231,6,At Risk,1
17783,73,2,283.47,2,3,2,232,7,At Risk,2
17785,54,1,131.94,3,2,1,321,6,Potential Loyalists,2
17786,86,2,266.85,2,3,2,232,7,At Risk,1
17787,153,4,1817.54,2,4,4,244,10,At Risk,3
17788,74,2,1117.9,2,3,4,234,9,At Risk,3
17789,282,1,225.9,1,2,1,121,4,Lost Customers,1
17790,27,14,1964.3,4,5,4,454,13,Champions,0
17791,30,1,106.1,4,2,1,421,7,New Customers,2
17793,26,1,300.34,4,2,2,422,8,New Customers,2
17795,180,2,342.83,2,3,2,232,7,At Risk,1
17796,41,4,690.0,3,4,3,343,10,Loyal Customers,3
17797,23,3,780.43,4,4,3,443,11,Loyal Customers,3
17799,23,10,3039.17,4,5,5,455,14,Champions,0
17800,38,9,1187.21,3,5,4,354,12,Loyal Customers,3
17802,83,3,1285.04,2,4,4,244,10,At Risk,3
17805,74,1,512.31,2,2,3,223,7,Hibernating,1
17806,12,1,546.04,5,2,3,523,10,New Customers,2
17809,17,12,5411.91,4,5,5,455,14,Champions,0
17811,5,39,7761.82,5,5,5,555,15,Champions,0
17812,13,4,699.81,5,4,3,543,12,Loyal Customers,3
17813,15,5,1698.07,4,4,4,444,12,Champions,3
17816,37,4,36.56,3,4,1,341,8,Loyal Customers,2
17817,5,3,387.68,5,4,2,542,11,Loyal Customers,2
17819,72,7,3704.87,3,5,5,355,13,Loyal Customers,3
17824,52,1,298.4,3,2,2,322,7,Potential Loyalists,2
17827,6,5,1987.33,5,4,4,544,13,Champions,0
17828,23,4,1820.09,4,4,4,444,12,Champions,3
17829,299,1,889.24,1,2,3,123,6,About To Sleep,1
17830,2,3,398.7,5,4,2,542,11,Loyal Customers,2
17831,34,1,35.400000000000006,3,2,1,321,6,Potential Loyalists,2
17832,50,1,155.37,3,2,1,321,6,Potential Loyalists,2
17835,3,3,342.24,5,4,2,542,11,Loyal Customers,2
17836,48,1,110.21000000000001,3,2,1,321,6,Potential Loyalists,2
17837,43,8,1541.23,3,5,4,354,12,Loyal Customers,3
17838,27,5,2720.8,4,4,5,445,13,Champions,3
17839,43,1,318.15,3,2,2,322,7,Potential Loyalists,2
17841,2,124,40519.84,5,5,5,555,15,Champions,0
17843,304,1,205.48,1,2,1,121,4,Lost Customers,1
17844,107,1,51.559999999999995,2,2,1,221,5,Lost Customers,1
17846,86,1,2033.1,2,2,4,224,8,Hibernating,3
17848,82,9,901.1999999999999,2,5,3,253,10,At Risk,3
17849,219,4,605.8000000000001,1,4,3,143,8,Cannot Lose Them,1
17850,373,34,5391.21,1,5,5,155,11,Cannot Lose Them,0
17852,12,2,114.34,5,3,1,531,9,Loyal Customers,2
17854,186,2,311.26,1,3,2,132,6,About To Sleep,1
17855,373,1,208.97,1,2,1,121,4,Lost Customers,1
17856,2,4,1418.03,5,4,4,544,13,Champions,0
17857,5,23,26879.04,5,5,5,555,15,Champions,0
17858,6,12,5140.66,5,5,5,555,15,Champions,0
17859,305,1,141.92000000000002,1,2,1,121,4,Lost Customers,1
17860,369,1,226.45000000000002,1,2,1,121,4,Lost Customers,1
17861,4,8,2097.88,5,5,5,555,15,Champions,0
17862,324,1,330.9,1,2,2,122,5,Lost Customers,1
17863,60,6,3160.0,3,5,5,355,13,Loyal Customers,3
17864,13,3,554.85,5,4,3,543,12,Loyal Customers,2
17865,31,20,10526.32,4,5,5,455,14,Champions,0
17866,143,1,329.65,2,2,2,222,6,Lost Customers,1
17867,31,6,1157.8700000000001,4,5,4,454,13,Champions,3
17869,108,5,428.18,2,4,2,242,8,At Risk,3
17870,3,12,1865.89,5,5,4,554,14,Champions,0
17871,205,1,155.9,1,2,1,121,4,Lost Customers,1
17873,81,5,1848.96,2,4,4,244,10,At Risk,3
17874,186,6,683.46,1,5,3,153,9,Cannot Lose Them,3
17877,171,1,237.61,2,2,1,221,5,Lost Customers,1
17878,44,1,379.45,3,2,2,322,7,Potential Loyalists,2
17879,174,1,178.51999999999998,2,2,1,221,5,Lost Customers,1
17880,365,1,458.92,1,2,2,122,5,Lost Customers,1
17881,305,1,133.35000000000002,1,2,1,121,4,Lost Customers,1
17883,4,4,664.34,5,4,3,543,12,Loyal Customers,3
17884,4,4,695.0699999999999,5,4,3,543,12,Loyal Customers,3
17885,13,1,156.34,5,2,1,521,8,New Customers,2
17886,32,3,869.28,4,4,3,443,11,Loyal Customers,3
17887,130,1,111.35,2,2,1,221,5,Lost Customers,1
17888,22,8,716.0,4,5,3,453,12,Loyal Customers,3
17889,213,2,201.37,1,3,1,131,5,About To Sleep,1
17890,323,2,586.89,1,3,3,133,7,About To Sleep,1
17891,163,1,203.85999999999999,2,2,1,221,5,Lost Customers,1
17892,57,3,244.1,3,4,1,341,8,Loyal Customers,2
17893,226,1,107.21,1,2,1,121,4,Lost Customers,1
17894,72,8,1118.96,3,5,4,354,12,Loyal Customers,3
17895,45,1,95.45,3,2,1,321,6,Potential Loyalists,2
17896,24,1,256.32,4,2,2,422,8,New Customers,2
17897,173,3,541.8100000000001,2,4,3,243,9,At Risk,1
17898,86,2,152.06,2,3,1,231,6,At Risk,1
17899,160,1,154.55,2,2,1,221,5,Lost Customers,1
17900,191,2,112.19999999999999,1,3,1,131,5,About To Sleep,1
17901,30,1,110.38,4,2,1,421,7,New Customers,2
17904,22,1,181.07,4,2,1,421,7,New Customers,2
17905,72,4,798.99,3,4,3,343,10,Loyal Customers,3
17906,248,1,72.9,1,2,1,121,4,Lost Customers,1
17908,374,1,232.03,1,2,1,121,4,Lost Customers,1
17911,10,1,366.23,5,2,2,522,9,New Customers,2
17912,311,5,310.06,1,4,2,142,7,Cannot Lose Them,1
17913,59,2,408.65,3,3,2,332,8,Loyal Customers,2
17914,4,1,329.36,5,2,2,522,9,New Customers,2
17917,46,3,335.03,3,4,2,342,9,Loyal Customers,2
17919,89,1,1304.04,2,2,4,224,8,Hibernating,1
17920,5,17,4119.5,5,5,5,555,15,Champions,0
17921,65,4,820.23,3,4,3,343,10,Loyal Customers,3
17923,283,1,207.50000000000003,1,2,1,121,4,Lost Customers,1
17924,12,7,2962.5,5,5,5,555,15,Champions,0
17925,373,1,244.08,1,2,1,121,4,Lost Customers,1
17926,134,2,397.29,2,3,2,232,7,At Risk,1
17928,46,2,212.54,3,3,1,331,7,Loyal Customers,2
17929,12,4,843.0,5,4,3,543,12,Loyal Customers,3
17930,36,5,1740.48,3,4,4,344,11,Loyal Customers,3
17931,135,2,408.36,2,3,2,232,7,At Risk,1
17932,30,3,1331.57,4,4,4,444,12,Champions,3
17934,52,2,704.25,3,3,3,333,9,Loyal Customers,3
17935,139,2,145.79,2,3,1,231,6,At Risk,1
17936,6,1,380.13,5,2,2,522,9,New Customers,2
17937,9,7,4301.22,5,5,5,555,15,Champions,0
17939,160,1,99.14,2,2,1,221,5,Lost Customers,1
17940,50,10,4020.04,3,5,5,355,13,Loyal Customers,0
17941,131,1,304.56,2,2,2,222,6,Lost Customers,1
17942,8,1,77.50000000000001,5,2,1,521,8,New Customers,2
17946,234,2,149.57999999999998,1,3,1,131,5,About To Sleep,1
17947,38,1,176.68,3,2,1,321,6,Potential Loyalists,2
17948,148,1,358.56000000000006,2,2,2,222,6,Lost Customers,1
17949,2,45,58510.48,5,5,5,555,15,Champions,0
17950,73,3,482.2,2,4,2,242,8,At Risk,3
17951,40,3,1008.5400000000001,3,4,4,344,11,Loyal Customers,3
17954,6,12,2314.13,5,5,5,555,15,Champions,0
17955,199,4,557.3,1,4,3,143,8,Cannot Lose Them,1
17956,250,1,12.75,1,2,1,121,4,Lost Customers,1
17957,67,1,111.68,3,2,1,321,6,Potential Loyalists,2
17958,117,1,508.4599999999999,2,2,3,223,7,Hibernating,1
17960,172,1,73.78,2,2,1,221,5,Lost Customers,1
17961,22,39,1296.44,4,5,4,454,13,Champions,0
17962,143,1,102.41,2,2,1,221,5,Lost Customers,1
17964,32,2,463.21,4,3,2,432,9,Loyal Customers,2
17965,38,14,2599.19,3,5,5,355,13,Loyal Customers,0
17966,38,5,1098.43,3,4,4,344,11,Loyal Customers,3
17967,372,1,112.27,1,2,1,121,4,Lost Customers,1
17968,374,1,265.1,1,2,2,122,5,Lost Customers,1
17969,167,2,228.2,2,3,1,231,6,At Risk,1
17970,212,1,562.79,1,2,3,123,6,About To Sleep,1
17972,242,1,135.19,1,2,1,121,4,Lost Customers,1
17973,52,1,337.04,3,2,2,322,7,Potential Loyalists,2
17974,25,3,703.99,4,4,3,443,11,Loyal Customers,3
17975,16,13,4483.26,4,5,5,455,14,Champions,0
17976,373,1,321.79,1,2,2,122,5,Lost Customers,1
17977,30,1,288.14,4,2,2,422,8,New Customers,2
17978,366,1,300.91999999999996,1,2,2,122,5,Lost Customers,1
17979,36,4,732.41,3,4,3,343,10,Loyal Customers,3
17980,166,3,811.45,2,4,3,243,9,At Risk,1
17984,146,1,152.68,2,2,1,221,5,Lost Customers,1
17985,23,1,631.35,4,2,3,423,9,New Customers,2
17986,57,1,20.8,3,2,1,321,6,Potential Loyalists,2
17987,186,1,198.57,1,2,1,121,4,Lost Customers,1
17988,12,7,201.12,5,5,1,551,11,Loyal Customers,2
17990,237,3,630.84,1,4,3,143,8,Cannot Lose Them,1
17991,226,2,93.35,1,3,1,131,5,About To Sleep,1
17994,122,4,674.89,2,4,3,243,9,At Risk,3
17995,282,1,76.1,1,2,1,121,4,Lost Customers,1
17997,75,8,1962.46,2,5,4,254,11,At Risk,3
17999,38,2,380.39,3,3,2,332,8,Loyal Customers,2
18001,13,2,415.13,5,3,2,532,10,Loyal Customers,2
18004,363,1,157.92,1,2,1,121,4,Lost Customers,1
18005,4,2,226.47,5,3,1,531,9,Loyal Customers,2
18006,24,1,444.68,4,2,2,422,8,New Customers,2
18008,71,9,2116.19,3,5,5,355,13,Loyal Customers,3
18009,236,1,247.39,1,2,1,121,4,Lost Customers,1
18010,257,1,174.8,1,2,1,121,4,Lost Customers,1
18011,374,1,102.78999999999999,1,2,1,121,4,Lost Customers,1
18013,156,2,187.29,2,3,1,231,6,At Risk,1
18014,29,1,162.22,4,2,1,421,7,New Customers,2
18015,5,1,120.03,5,2,1,521,8,New Customers,2
18016,33,5,1477.66,4,4,4,444,12,Champions,3
18017,82,3,523.0,2,4,3,243,9,At Risk,3
18018,109,2,122.14,2,3,1,231,6,At Risk,1
18019,52,1,38.45,3,2,1,321,6,Potential Loyalists,2
18022,36,1,612.72,3,2,3,323,8,Potential Loyalists,2
18024,153,2,389.78,2,3,2,232,7,At Risk,1
18027,99,1,115.31,2,2,1,221,5,Lost Customers,1
18030,5,2,230.64999999999998,5,3,1,531,9,Loyal Customers,2
18032,335,1,73.5,1,2,1,121,4,Lost Customers,1
18033,66,1,93.82000000000001,3,2,1,321,6,Potential Loyalists,2
18034,22,2,418.68,4,3,2,432,9,Loyal Customers,2
18035,36,3,713.89,3,4,3,343,10,Loyal Customers,3
18036,33,3,403.12,4,4,2,442,10,Loyal Customers,2
18037,155,6,70.02,2,5,1,251,8,At Risk,1
18040,20,2,357.20000000000005,4,3,2,432,9,Loyal Customers,2
18041,12,21,4097.37,5,5,5,555,15,Champions,0
18042,54,1,165.04999999999998,3,2,1,321,6,Potential Loyalists,2
18043,25,3,529.29,4,4,3,443,11,Loyal Customers,3
18044,5,10,2088.6,5,5,5,555,15,Champions,0
18045,46,1,178.34,3,2,1,321,6,Potential Loyalists,2
18048,204,2,172.29000000000002,1,3,1,131,5,About To Sleep,1
18050,360,1,74.4,1,2,1,121,4,Lost Customers,1
18053,71,1,300.02,3,2,2,322,7,Potential Loyalists,2
18055,8,10,6761.34,5,5,5,555,15,Champions,0
18056,289,1,363.65,1,2,2,122,5,Lost Customers,1
18058,10,1,170.16,5,2,1,521,8,New Customers,2
18059,24,3,306.46,4,4,2,442,10,Loyal Customers,2
18061,22,10,2119.41,4,5,5,455,14,Champions,0
18062,174,3,720.52,2,4,3,243,9,At Risk,1
18064,134,2,814.0,2,3,3,233,8,At Risk,1
18065,6,14,2392.83,5,5,5,555,15,Champions,0
18066,76,1,318.0,2,2,2,222,6,Lost Customers,1
18067,41,1,396.33,3,2,2,322,7,Potential Loyalists,2
18068,290,1,101.69999999999999,1,2,1,121,4,Lost Customers,1
18069,27,5,2009.24,4,4,4,444,12,Champions,3
18071,258,2,453.0,1,3,2,132,6,About To Sleep,1
18072,186,1,247.44,1,2,1,121,4,Lost Customers,1
18073,115,12,3859.82,2,5,5,255,12,At Risk,0
18074,374,1,489.6,1,2,3,123,6,About To Sleep,1
18075,24,10,2611.75,4,5,5,455,14,Champions,0
18077,9,11,2584.41,5,5,5,555,15,Champions,0
18078,218,2,336.13,1,3,2,132,6,About To Sleep,1
18079,46,4,3613.15,3,4,5,345,12,Loyal Customers,3
18080,19,2,1231.5,4,3,4,434,11,Loyal Customers,3
18081,37,3,343.45,3,4,2,342,9,Loyal Customers,2
18082,26,1,680.84,4,2,3,423,9,New Customers,2
18084,17,1,90.47999999999999,4,2,1,421,7,New Customers,2
18085,331,2,689.95,1,3,3,133,7,About To Sleep,1
18086,275,1,101.34,1,2,1,121,4,Lost Customers,1
18087,99,2,4055.7199999999993,2,3,5,235,10,At Risk,3
18088,62,1,166.03,3,2,1,321,6,Potential Loyalists,2
18092,3,11,9068.26,5,5,5,555,15,Champions,0
18093,94,4,2106.52,2,4,5,245,11,At Risk,3
18094,82,7,3017.3,2,5,5,255,12,At Risk,3
18095,313,2,580.0500000000001,1,3,3,133,7,About To Sleep,1
18096,12,3,849.06,5,4,3,543,12,Loyal Customers,3
18097,8,6,2662.4,5,5,5,555,15,Champions,0
18099,128,1,168.31,2,2,1,221,5,Lost Customers,1
18101,12,2,222.4,5,3,1,531,9,Loyal Customers,2
18102,1,60,259657.3,5,5,5,555,15,Champions,0
18104,38,1,754.64,3,2,3,323,8,Potential Loyalists,2
18105,38,1,113.48000000000002,3,2,1,321,6,Potential Loyalists,2
18106,330,1,421.9,1,2,2,122,5,Lost Customers,1
18108,255,1,271.0,1,2,2,122,5,Lost Customers,1
18109,2,26,8004.92,5,5,5,555,15,Champions,0
18110,20,1,198.8,4,2,1,421,7,New Customers,2
18112,13,2,352.69,5,3,2,532,10,Loyal Customers,2
18113,369,1,76.32000000000001,1,2,1,121,4,Lost Customers,1
18114,291,1,220.1,1,2,1,121,4,Lost Customers,1
18116,68,8,1403.1100000000001,3,5,4,354,12,Loyal Customers,3
18117,26,1,315.65,4,2,2,422,8,New Customers,2
18118,11,26,5625.08,5,5,5,555,15,Champions,0
18119,368,1,180.7,1,2,1,121,4,Lost Customers,1
18120,215,1,111.15,1,2,1,121,4,Lost Customers,1
18121,150,2,653.3,2,3,3,233,8,At Risk,1
18122,9,6,1793.06,5,5,4,554,14,Champions,0
18123,25,2,574.4399999999999,4,3,3,433,10,Loyal Customers,2
18125,30,4,1131.75,4,4,4,444,12,Champions,3
18126,61,1,200.92000000000002,3,2,1,321,6,Potential Loyalists,2
18127,20,3,347.08,4,4,2,442,10,Loyal Customers,2
18129,244,1,112.55000000000001,1,2,1,121,4,Lost Customers,1
18130,16,3,1059.39,4,4,4,444,12,Champions,3
18133,213,1,931.4999999999999,1,2,3,123,6,About To Sleep,1
18135,30,5,681.9100000000001,4,4,3,443,11,Loyal Customers,3
18136,64,3,784.33,3,4,3,343,10,Loyal Customers,3
18138,296,1,152.65,1,2,1,121,4,Lost Customers,1
18139,18,6,8438.34,4,5,5,455,14,Champions,0
18142,158,2,1019.52,2,3,4,234,9,At Risk,1
18143,117,2,1000.16,2,3,4,234,9,At Risk,3
18144,8,12,2888.75,5,5,5,555,15,Champions,0
18145,13,4,2861.55,5,4,5,545,14,Champions,3
18146,141,2,160.35000000000002,2,3,1,231,6,At Risk,1
18147,46,2,179.33999999999997,3,3,1,331,7,Loyal Customers,2
18149,51,3,612.0799999999999,3,4,3,343,10,Loyal Customers,3
18150,33,3,566.58,4,4,3,443,11,Loyal Customers,3
18151,135,2,653.35,2,3,3,233,8,At Risk,1
18154,4,2,399.19,5,3,2,532,10,Loyal Customers,2
18155,76,3,371.62,2,4,2,242,8,At Risk,1
18156,13,2,675.64,5,3,3,533,11,Loyal Customers,2
18158,10,2,453.4,5,3,2,532,10,Loyal Customers,2
18159,302,1,530.15,1,2,3,123,6,About To Sleep,1
18160,58,2,638.0600000000001,3,3,3,333,9,Loyal Customers,3
18161,16,5,1618.69,4,4,4,444,12,Champions,3
18164,38,1,399.65000000000003,3,2,2,322,7,Potential Loyalists,2
18165,178,1,302.46000000000004,2,2,2,222,6,Lost Customers,1
18167,24,3,1384.8600000000001,4,4,4,444,12,Champions,3
18168,177,6,1160.04,2,5,4,254,11,At Risk,3
18169,61,1,202.65,3,2,1,321,6,Potential Loyalists,2
18170,34,3,980.31,3,4,4,344,11,Loyal Customers,3
18171,59,5,1231.31,3,4,4,344,11,Loyal Customers,3
18172,15,20,7561.68,4,5,5,455,14,Champions,0
18173,87,4,2106.84,2,4,5,245,11,At Risk,3
18174,8,1,104.0,5,2,1,521,8,New Customers,2
18176,359,1,476.35,1,2,2,122,5,Lost Customers,1
18177,32,6,1340.8700000000001,4,5,4,454,13,Champions,3
18178,129,4,1590.81,2,4,4,244,10,At Risk,3
18179,10,6,1793.17,5,5,4,554,14,Champions,0
18180,5,6,1843.75,5,5,4,554,14,Champions,0
18181,25,1,366.85,4,2,2,422,8,New Customers,2
18183,228,2,632.07,1,3,3,133,7,About To Sleep,1
18184,16,1,49.8,4,2,1,421,7,New Customers,2
18185,250,1,304.25,1,2,2,122,5,Lost Customers,1
18188,16,3,2001.04,4,4,4,444,12,Champions,3
18189,78,2,1090.24,2,3,4,234,9,At Risk,3
18190,193,2,284.46000000000004,1,3,2,132,6,About To Sleep,1
18191,262,1,207.79999999999998,1,2,1,121,4,Lost Customers,1
18192,72,1,957.97,3,2,4,324,9,Potential Loyalists,1
18193,166,1,243.76,2,2,1,221,5,Lost Customers,1
18194,83,1,973.8399999999999,2,2,4,224,8,Hibernating,1
18196,96,2,686.63,2,3,3,233,8,At Risk,1
18198,5,17,5425.56,5,5,5,555,15,Champions,0
18200,107,1,150.35,2,2,1,221,5,Lost Customers,1
18202,200,3,1396.99,1,4,4,144,9,Cannot Lose Them,3
18203,158,1,160.42000000000002,2,2,1,221,5,Lost Customers,1
18204,72,3,1975.35,3,4,4,344,11,Loyal Customers,3
18205,37,2,517.36,3,3,3,333,9,Loyal Customers,2
18209,29,1,139.10000000000002,4,2,1,421,7,New Customers,2
18210,2,6,2621.38,5,5,5,555,15,Champions,0
18211,26,5,600.07,4,4,3,443,11,Loyal Customers,3
18212,327,1,216.07,1,2,1,121,4,Lost Customers,1
18213,237,1,232.48000000000002,1,2,1,121,4,Lost Customers,1
18215,90,1,299.34000000000003,2,2,2,222,6,Lost Customers,1
18216,32,1,481.75,4,2,2,422,8,New Customers,2
18217,30,2,621.75,4,3,3,433,10,Loyal Customers,2
18218,212,2,641.92,1,3,3,133,7,About To Sleep,1
18219,3,10,2069.77,5,5,5,555,15,Champions,0
18220,227,1,305.28000000000003,1,2,2,122,5,Lost Customers,1
18221,23,5,1041.61,4,4,4,444,12,Champions,3
18222,93,1,443.0,2,2,2,222,6,Lost Customers,1
18223,5,14,6484.54,5,5,5,555,15,Champions,0
18224,264,1,158.95000000000002,1,2,1,121,4,Lost Customers,1
18225,4,12,5504.96,5,5,5,555,15,Champions,0
18226,45,11,5228.05,3,5,5,355,13,Loyal Customers,0
18227,218,1,93.75,1,2,1,121,4,Lost Customers,1
18228,57,2,779.9,3,3,3,333,9,Loyal Customers,3
18229,12,20,7276.900000000001,5,5,5,555,15,Champions,0
18230,10,7,2810.2000000000003,5,5,5,555,15,Champions,0
18231,193,5,2071.77,1,4,5,145,10,Cannot Lose Them,3
18232,82,4,592.97,2,4,3,243,9,At Risk,3
18233,326,1,440.0,1,2,2,122,5,Lost Customers,1
18235,72,3,1796.48,3,4,4,344,11,Loyal Customers,3
18236,30,6,882.24,4,5,3,453,12,Loyal Customers,3
18237,3,5,987.1,5,4,4,544,13,Champions,0
18239,219,5,1561.6100000000001,1,4,4,144,9,Cannot Lose Them,3
18240,47,1,422.58,3,2,2,322,7,Potential Loyalists,2
18241,10,17,2073.09,5,5,5,555,15,Champions,0
18242,73,4,2232.4900000000002,2,4,5,245,11,At Risk,3
18245,8,7,2567.06,5,5,5,555,15,Champions,0
18246,24,2,596.1,4,3,3,433,10,Loyal Customers,2
18248,123,2,804.02,2,3,3,233,8,At Risk,1
18249,18,1,95.34,4,2,1,421,7,New Customers,2
18250,311,1,349.27,1,2,2,122,5,Lost Customers,1
18251,88,1,4314.72,2,2,5,225,9,Hibernating,3
18252,51,2,518.27,3,3,3,333,9,Loyal Customers,2
18255,90,1,103.3,2,2,1,221,5,Lost Customers,1
18257,40,8,2337.63,3,5,5,355,13,Loyal Customers,3
18259,25,3,2338.6000000000004,4,4,5,445,13,Champions,3
18260,173,6,2628.35,2,5,5,255,12,At Risk,3
18261,44,2,324.24,3,3,2,332,8,Loyal Customers,2
18262,141,1,149.48,2,2,1,221,5,Lost Customers,1
18263,26,3,1213.1599999999999,4,4,4,444,12,Champions,3
18265,73,2,801.51,2,3,3,233,8,At Risk,3
18268,135,1,25.5,2,2,1,221,5,Lost Customers,1
18269,367,1,168.6,1,2,1,121,4,Lost Customers,1
18270,39,2,283.15,3,3,2,332,8,Loyal Customers,2
18272,3,6,3078.58,5,5,5,555,15,Champions,0
18273,3,3,204.0,5,4,1,541,10,Loyal Customers,2
18274,31,1,175.92,4,2,1,421,7,New Customers,2
18276,44,1,335.86,3,2,2,322,7,Potential Loyalists,2
18277,59,1,110.38,3,2,1,321,6,Potential Loyalists,2
18278,74,1,173.9,2,2,1,221,5,Lost Customers,1
18280,278,1,180.60000000000002,1,2,1,121,4,Lost Customers,1
18281,181,1,80.82,1,2,1,121,4,Lost Customers,1
18282,8,2,178.05,5,3,1,531,9,Loyal Customers,2
18283,4,16,2045.53,5,5,4,554,14,Champions,0
18287,43,3,1837.28,3,4,4,344,11,Loyal Customers,3
